filename,category,size_mb
Hydrogen_white-paper_Jan-23-v8.pdf,whitepapers,9.81
FCC-WHITEPAPER-web-locked.pdf,whitepapers,1.59
RISE-Whitepaper_2025_11_11.pdf,whitepapers,4.0
A-laser-focus-on-materials_white-paper_Jan-25.pdf,whitepapers,9.95
unlock-business-potential-move-from-on-prem-to-ai-powered-cloud-data-management_white-paper_5080en.pdf,whitepapers,6.7
2C-025.26_Agri-Whitepaper-websecure-compressed.pdf,whitepapers,2.33
Patient-centric-whitepaper-Capgemini.pdf,whitepapers,4.14
MuleSoft-SAP-S4HANA-White-Paper.pdf,whitepapers,2.23
Capgemini_TechnoVision2026.pdf,support_guides,12.3
BSH-client-story-case-study.pdf,support_guides,0.46
EDF-client-story-case-study.pdf,support_guides,1.78
Core-Modernization-Cloud-Journey.pdf,support_guides,2.34
05_14_Capgemini-Press-Release_Bae-Systems-1.pdf,support_guides,0.15
Invoicing-Guide-Capgemini-Polska-Sp-z-oo.pdf,support_guides,0.34
Nortura-Nora-chatbot-client-story-case-study.pdf,support_guides,0.62
Employee-Experience-Support-brochure-20221019.pdf,support_guides,1.27
2024_05_28_WindTre_b6dce7.pdf,support_guides,0.17
RTP-case-study.pdf,support_guides,1.34
TECHNOVISION-AD-2025-web-locked-June-17.pdf,support_guides,7.1
Red-Cross-Norway-client-story-case-study.pdf,support_guides,0.18
Fresenius-client-story-case-study.pdf,support_guides,0.65
BAW-client-story-case-study.pdf,support_guides,0.42
Security-Bank-Corporation-client-story-case-study.pdf,support_guides,1.28
D38710-2023-Quantum-Projects-ODS-Support-October-2023-v3.pdf,support_guides,2.76
Legal-AI-a-beginners-guide-web.pdf,support_guides,0.0
Capgemini-CBE_2022_Chinese-v3.3.pdf,policies,2.54
210216_GACP_v3_Japanese.pdf,policies,0.79
Capgemini_SpeakUpPolicy_Portugese.pdf,policies,0.24
14001-EMS-667977-Controlled-List-of-certified-site-addresses.pdf,policies,0.33
260505-Accessibility-Policy-External-Page.pdf,policies,0.18
Whistle-Blower-Policy.pdf,policies,0.0
Capgemini_Code_of_Ethics_for_AI_EN_2024.pdf,policies,0.47
2020-Modern-Slavery-Transparency-Statement.pdf,policies,0.9
Capgemini-Group_Conflict_of_Interest_Policy-2026-FR-Brochure-V2.3.pdf,policies,0.31
Capgemini-Group_Conflict_of_Interest_Policy-2024-IT-Brochure-V2.2.pdf,policies,0.42
2021-Modern-Slavery-Transparency-Statement.pdf,policies,2.37
210225_GACP_v3_Arabic__Final_.pdf,policies,0.71
07-Capgemini_GCLP_V1_Polish_HD.pdf,policies,39.72
CG-BCR-C-Public-version-Apr.-2025.pdf,policies,2.19
Capgemini_SpeakUpPolicy_English.pdf,policies,0.23
Capgemini-Human-Rights-Policy_2022-11_German-VF.pdf,policies,1.64
Capgemini-Group_Conflict_of_Interest_Policy-2026-ES-Brochure-V2.3.pdf,policies,0.31
231110_SpeakUpPolicy_Spain_EN.pdf,policies,0.37
CGUKDataController_publicversion-2025.pdf,policies,0.7
20231130-Word-Template_ERP.pdf,policies,0.33
211228_GACP_v3_Dutch_.pdf,policies,0.64
Anti-Tax-Evasion-Policy.pdf,policies,0.27
Capgemini_Code_of_Ethics_for_AI_2021_EN.pdf,policies,0.49
Leading-APAC-insurer-client-story-case-study.pdf,policies,3.41
210713_GACP_v3_Polish.pdf,policies,0.75
Capgemini-CBE_2022_Polish-v3.3.pdf,policies,2.21
Capgemini-Group_Conflict_of_Interest_Policy-2026-DE-Brochure-V2.3.pdf,policies,0.34
Capgemini_SpeakUpPolicy_Danish.pdf,policies,0.25
Capgemini_SpeakUpPolicy_German-1.pdf,policies,0.26
23343_un_policypaper_understandingafrica_v06.pdf,policies,0.0
45001-OHS-733295-Controlled-List.pdf,policies,0.08
Capgemini_SpeakUpPolicy_Vietnamese.pdf,policies,0.33
Branding_Podcast-Transcript_CR100-Intelligence-age-ethics-in-2025-with-James-Wilson-and-Philip-Harker-AAA.pdf,policies,0.32
210212_GACP_v3_German.pdf,policies,0.45
CG-UK-BCR-P-Public-Version2025.pdf,policies,0.68
Capgemini-Human-Rights-Policy_2022-11_Chinese-VF.pdf,policies,1.79
6_-_Group_Competition_Laws_Policy_-_EN.pdf,policies,25.58
Capgemini-Human-Rights-Policy_2025-04_Romanian-v1-LD.pdf,policies,1.76
Capgemini-CBE_2023_Japanese-v3.4.pdf,policies,2.73
210224_GACP_v3_Portuguese__Final_.pdf,policies,0.53
Group-CSR-Inclusion-policy_V3_2025.pdf,policies,1.99
Capgemini_SpeakUpPolicy_Arabic.pdf,policies,0.42
Capgemini_SpeakUpPolicy_Italian.pdf,policies,0.23
Capgemini_SpeakUpPolicy_EuropeanSpanish.pdf,policies,0.24
Capgemini_SpeakUpPolicy_Dutch.pdf,policies,0.23
Capgemini-CBE_2022_Brazilian-v3.3.pdf,policies,2.22
210216_GACP_v3_Russian.pdf,policies,0.55
210212_GACP_v3_French.pdf,policies,0.53
Capgemini-Human-Rights-Policy_2022-11_Portugese-VF.pdf,policies,1.63
2025-Capgemini-ESG-Policy.pdf,policies,8.13
01-021.26_Documents-Data-Protection-Policy.pdf,policies,0.24
20241202-Group-HS-Policy.pdf,policies,0.37
Capgemini_SpeakUpPolicy_Japanese.pdf,policies,0.75
ENMS-659644-001.pdf,policies,1.05
210218_GACP_v3_Simplified_Chinese.pdf,policies,1.33
Nomination_and_Remuneration_Policy.pdf,policies,0.28
Capgemini-Group_Conflict_of_Interest_Policy-2026-RU-Brochure-V2.3.pdf,policies,0.31
Tranparency-Statement-with-Signature-Latest-9-7-18.pdf,policies,0.81
Supplier-Standards-of-Conduct-_-English-version-_-26042024.pdf,policies,1.02
EMS-667977-001.pdf,policies,1.07
Capgemini-Human-Rights-Policy_2023-02_French-VF.pdf,policies,1.67
Policy-Group-Environmental-Policy-March-2026.pdf,policies,0.06
04-Capgemini_GCLP_German_HD_1.1.pdf,policies,37.63
ESG-policy2021.pdf,policies,5.61
Policy-Group-Energy-Policy-March-2026.pdf,policies,0.08
2019-Modern-Slavery-Transparency-Statement-.pdf,policies,0.89
Capgemini_SpeakUpPolicy_Spanish.pdf,policies,0.24
Capgemini_SpeakUpPolicy__French-1.pdf,policies,0.25
50001-ENMS-659644-Controlled-List-of-certified-site-addresses-.pdf,policies,0.15
Capgemini-Human-Rights-Policy_2022-11_Japanese-VF.pdf,policies,1.81
Capgemini-Group_Conflict_of_Interest_Policy-2026-EN-Brochure-V2.3.pdf,policies,0.32
Capgemini-CBE_2022_French-v3.3.pdf,policies,2.23
Capgemini-CBE_2025_English-v3.8.pdf,policies,1.13
210219_GACP_v3_Hungarian.pdf,policies,0.53
Group-CSR-DI-Policy-August-2024_version-2.0.pdf,policies,3.03
Capgemini-Human-Rights-Policy_2022-11_Spanish-VF.pdf,policies,1.64
Capgemini-UK-Modern-Slavery-Transparency-Statement-2024.pdf,policies,1.27
UK_Modern_Slavery_Act_Policy_1.pdf,policies,0.22
Capgemini_-_2021-12-06_-_ESG_Policy.pdf,policies,8.72
Capgemini_SpeakUpPolicy_Swedish.pdf,policies,0.25
5_-_Politique_du_Groupe__sur_le_Droit_de_la_Concurrence_-_FR.pdf,policies,39.12
CSR-Policy.pdf,policies,0.32
Capgemini-UK-Modern-Slavery-Transparency-Statement-2025.pdf,policies,2.11
05-Capgemini_GCLP_V1_Dutch_HD.pdf,policies,39.39
Capgemini-CBE_2021_English-v3.2.pdf,policies,1.47
Capgemini_SpeakUpPolicy_Finnish.pdf,policies,0.23
D38310-2023-Group-CSR-Gender-Parity-booklet_v3.pdf,policies,1.05
Capgemini_SpeakUpPolicy_Romanian.pdf,policies,0.27
Capgemini-Group_Conflict_of_Interest_Policy-2025-POL-Brochure-V1.pdf,policies,0.22
08-Capgemini_GCLP_V1_Port._Braz_HD.pdf,policies,55.42
Capgemini-Group_Conflict_of_Interest_Policy-2026-JP-Brochure-V2.3.pdf,policies,0.52
Capgemini_SpeakUpPolicy_Czech.pdf,policies,0.27
Capgemini_SpeakUpPolicy_SimplifiedChinese.pdf,policies,0.75
Capgemini-Group_Conflict_of_Interest_Policy-2026-BR-Brochure-V2.3.pdf,policies,0.32
Capgemini-UK-Modern-Slavery-Transparency-Statement-2023.pdf,policies,1.58
Capgemini-CBE_2022_Spanish-v3.3.pdf,policies,2.22
Capgemini-Group_Conflict_of_Interest_Policy-2026-IT-Brochure-V2.3.pdf,policies,0.32
210212_GACP_v3_English.pdf,policies,0.52
210215_GACP_v3_Vietnamese.pdf,policies,0.64
Capgemini-CBE_2022_Italian-v3.3.pdf,policies,2.19
12-05-2026-CFT11_Jean-Coumaros_Bleu-V3.pdf,policies,1.96
Capgemini-Human-Rights-Policy_2022-11_Italian-VF.pdf,policies,1.61
Capgemini_SpeakUpPolicy_Slovak.pdf,policies,0.3
Capgemini_SpeakUpPolicy_Polish.pdf,policies,0.29
Capgemini_SpeakUpPolicy_Norwegian.pdf,policies,0.23
210216_GACP_v3_Czech.pdf,policies,0.54
Capgemini-CBE_2022_German-v3.3.pdf,policies,2.23
210215_GACP_v3_Traditional_Chinese.pdf,policies,0.96
Capgemini-Human-Rights-Policy_2022-11_English-VF.pdf,policies,1.64
Capgemini-Group_Conflict_of_Interest_Policy-2026-CHN-Brochure-V2.3.pdf,policies,0.5
210216_GACP_v3_Romanian.pdf,policies,0.53
Group-CSR-DI-Policy-January-2024_FINAL.pdf,policies,2.94
Capgemini_SpeakUpPolicy_Russian.pdf,policies,0.31
SpeakUp_Policy_FR-Maroc-v1.4-ABE_11102021.pdf,policies,0.28
231110_SpeakUpPolicy_Spain_ES.pdf,policies,0.38
06-Capgemini_GCLP_V1_Chinese_HD.pdf,policies,10.79
210215_GACP_v3_Italian.pdf,policies,0.51
OHS-733295-001.pdf,policies,1.05
SpeakUp_Policy_German-November_2022.pdf,policies,0.3
transparency_statement_with_signature_latest.pdf,policies,0.21
03-Capgemini_GCLP_V1_Spanish_HD.pdf,policies,5.26
Charter-Ethics-and-Governance-Committee.pdf,policies,0.16
Implementing-AI-ethics-governance_20251006.pdf,policies,2.95
2022-Modern-Slavery-Transparency.pdf,policies,0.73
EU-BCR-P-Public-version-updated-March-2023.pdf,policies,1.14
SpeakUp_Policy_Hungarian-v1_20201103.pdf,policies,0.28
SpeakUp_Policy_English-for-Hungary-v1_20201103.pdf,policies,0.26
Group-CSR-Inclusion-policy-v5.1.pdf,policies,1.99
Capgemini-Human-Rights-Policy_2023-12_English.pdf,policies,1.57
210216_GACP_v3_Spanish.pdf,policies,0.51
Capgemini-Human-Rights-Policy_2022-11_Polish-VF.pdf,policies,1.63
FAQ-FreelancerGateway-1.pdf,faqs,6.69
LPL-Financial-client-story-case-study.pdf,governance,7.15
06E-Projet-publication-remuneration-DMS.pdf,governance,0.18
PPR-Riscos-de-Corrupcao-e-Infracoes-Conexas-Trienio-2023-2025.pdf,governance,1.98
Episode-3_Transcript.pdf,governance,0.13
Charter-of-the-Board-of-Directors_CGSE_2024.10.29.pdf,governance,0.2
Charter-Strategy-CSR_CGSE_20.03.2019.pdf,governance,0.07
Communication-on-2023-performance-shares-EN.pdf,governance,0.17
IF1_EP5_Beating-the-odds_Transcript-1.pdf,governance,0.13
2019_01_17-Publication-regulated-agreement_amendment-side-letter-to-the-Facility-Agreement.pdf,governance,0.07
Episode-2_Transcript.pdf,governance,0.14
Charter-Audit-Risk-Committee_CGSE_2024.07.25.pdf,governance,0.17
Communication-on-2021-performance-shares-VF-ENG.pdf,governance,0.16
Transcript-Returning-to-the-field.pdf,governance,0.1
Leadership_perspectives_AI_Realities_2026.pdf,governance,0.0
Familiarization-Program-for-Board-of-Directors-of-CTSIL.pdf,governance,0.28
Communication-on-2025-performance-shares-grant-EN.pdf,governance,0.07
Compensation-executive-corporate-officers_EN.pdf,governance,0.18
06E-ECO-compensation-release.pdf,governance,0.24
Communication-on-2024-performance-shares-grant_VA.pdf,governance,0.07
Charter-of-the-Compensation-Committee_CGSE_02.12.2020.pdf,governance,0.14
2020_01_22-Publication-regulated-agreement_ajustment-to-the-Facility-Agreement.pdf,governance,0.07
2024-URD_Chapter-2_Corporate-governance.pdf,governance,1.45
2020_04_10-Publication-regulated-agreement_amendment-to-the-Facility-Agreement.pdf,governance,0.07
2020_01-14_Publication-regulated-agreements.pdf,governance,0.08
07E-Projet-publication-remuneration-DMS.pdf,governance,0.26
CUK_plc_2024_corporate_governance_statement.pdf,governance,0.75
Publication_2020_Performance_Shares_CEO.pdf,governance,0.16
Communication-on-2022-performance-shares-EN.pdf,governance,0.17
2019_07_15-Publication-regulated-agreement_bridge-loan.pdf,governance,0.06
Publication-regulated-agreements_Ausone_VA_FINAL.pdf,governance,0.07
Relatorio-Anual-PPR-2025-outubro-2025.pdf,governance,1.28
Transcript-Episode-1-Balancing-passion-with-profession-2.pdf,governance,0.05
Publication-compensation-executive-director-03-23.pdf,governance,0.18
Altran-Technologies-India-Private-Limited.pdf,website_articles,2.79
PR-PORT_Capgemini-invests-in-the-OpenAI-Deployment-Company-12Mai2026-.docx.pdf,website_articles,0.24
Sector_PoV_Public_Sector.pdf,website_articles,1.45
CRI-Infographic-Consumer-Trends-07012025-v4.pdf,website_articles,1.04
Society-5-FInal-Webfile.pdf#page=27,website_articles,28.73
Seizing-the-commercial-value-of-quantum.pdf,website_articles,4.1
Branding_Podcast-Transcript_CR115-Power-of-data-in-complex-industries-with-Chris-Carter-BAE-Systems.pdf,website_articles,0.63
Postal-Ballot-Notice-for-appointment-of-Wholetime-Directors-and-reappointment-of-Independent-Directors.pdf,website_articles,0.07
CSR-Box-School-Adoption-Program.pdf,website_articles,0.98
Capgemini_Energy-Transition-and-Utilities_Smart-Grid_PoV.pdf,website_articles,3.77
Branding_Podcast-Transcript_CR097-Knowledge-2025-special-part-1-How-to-drive-successful-innovation-at-scale-with-Karel-van-der-Poel-ServiceNow.pdf,website_articles,0.3
250310_Privacy-Notice_SpeakUp_Spain_SPA.pdf,website_articles,0.34
Final-Infographic-Engineering-Biology.pdf,website_articles,1.03
Kelly-Palmer-1.pdf,website_articles,0.56
MYAP_FR.pdf,website_articles,0.91
FPI-Financial-Services-POV-05.pdf,website_articles,3.33
Liquidhub-Analytics-Private-Limited.pdf,website_articles,18.96
Generative-AI-in-Organizations-Refresh_25112024.pdf,website_articles,6.4
Capgemini-eSports_PoV_May2021.pdf,website_articles,2.05
Gloria-Chen.pdf,website_articles,0.54
Battery-Management-System-PoV_Global_Final_050526.pdf,website_articles,2.19
Conversations-for-Tomorrow-4-1.pdf,website_articles,11.94
You-Experience.pdf,website_articles,0.26
Politica-de-Proteccion-de-Datos-Personales.-Actualizacion-2026.pdf,website_articles,0.15
eSports_design.pdf,website_articles,1.07
Everest_Group_-_Industry_4.0_Services_PEAK_Matrix_Assessment_2025_-_Focus_on_Capgemini.pdf,website_articles,0.43
The-Future-of-Commerce-Media-2026.pdf,website_articles,2.22
CRI_CMO-Playbook-2025_Web_updated-1.pdf,website_articles,7.29
AI-Agents_Final_210725.pdf,website_articles,8.08
Hunkemoller-case-study.pdf,website_articles,1.13
14072025-CFT10-Corence-Klop.pdf,website_articles,0.94
Regulations.pdf,website_articles,2.53
EU-BCR-C-Public-version-updated-March-20.pdf,website_articles,1.15
Branding_Podcast-Transcript_CR094-Shifting-perspective-on-sustainability-with-Lewis-Richards-Microsoft.pdf,website_articles,0.29
Johan-Rockstrom-1.pdf,website_articles,2.89
Top-tech-trends-2025_Infographic.pdf,website_articles,1.89
Introduction-to-Capgemini-Group_2022.pdf,website_articles,3.16
Capgemini_Shaping_the_AI_enabled_customer_experience.pdf,website_articles,0.0
Postal-Ballot-Form.pdf,website_articles,0.33
27th-AGM-Transcript.pdf,website_articles,0.7
Embrace-Data-to-Accelerate-Sustainability-weblocked-1.pdf,website_articles,2.16
Sustainable-FinOps-brochure-2024_A.pdf,website_articles,10.05
Citizen-Services-Human-centered-by-design-Point-of-View_Capgemini_Public-Sector.pdf,website_articles,1.72
KII_E15-Traton-Transcript.pdf,website_articles,0.78
Building-the-winning-solution-–-GDSC-technical-paper.pdf,website_articles,3.14
Insights-from-CRI.pdf,website_articles,1.07
Kathryn-van-der-Merwe.pdf,website_articles,3.88
RR004-cloud-podcast-The-trust-gap-with-Dr-Tim-Currie.pdf,website_articles,0.46
CRI_Supply-Chain-in-Automotive_Infographic_4th-Draft_08092023-1.pdf,website_articles,0.52
RR014-The-world-is-on-fast-forward-but-leadership-isnt-with-Dex-Hunter-Torricke-The-Center-for-Tomorrow.pdf,website_articles,0.45
04-03-2026-CFT11_Anu-Bradford_Interview-v1.pdf,website_articles,1.93
Introduction-to-Capgemini_April-2026-1.pdf,website_articles,10.56
Generali-GCC-client-story-case-study.pdf,website_articles,0.94
CP_200526_Eng.pdf,website_articles,1.26
Infographic-CFT-edition-5-ver6.pdf,website_articles,1.64
Migrating-to-Mule4.pdf,website_articles,1.44
Global_Business_Service_Hubs_PoV.pdf,website_articles,5.57
CFT11_Kai-Fu-Lee_Sinovation.pdf,website_articles,1.46
Final-Infographic-AI-Gen-AI-in-Cybersecurity.pdf,website_articles,0.45
06_Jean-Marie-Culpin.pdf,website_articles,0.61
CRI-Infographic-AI-in-Business-Operations-Final.pdf,website_articles,0.41
Final-Infographic.pdf,website_articles,0.7
26602-23-CG-RAP-brochure-9-PRINT-1.pdf,website_articles,9.54
2025-BMW-vehicle-connectivity-client-story-case-study.pdf,website_articles,0.56
Stephan-and-Claudia.pdf,website_articles,1.34
06_05_Capgemini_becomes_official_partner_of_the_Tour_de_France.pdf,website_articles,0.2
Capgemini_infographie_T1_2026_FR.pdf,website_articles,0.12
The-future-is-interoperable_Public-sector_PoV_Capgemini.pdf,website_articles,1.49
digitalisation_2024_onlineversion.pdf,website_articles,3.98
GenYoda_8_28.pdf,website_articles,2.21
FORMULARIO-DE-SOLICITACAO-DOS-TITULARES-DE-DADOS-PESSOAIS.pdf,website_articles,0.04
Digital-Twin-in-Finance-Frictionless-Finance.pdf,website_articles,1.88
W04-1013.pdf,website_articles,0.07
Data-analysis-tool-for-OEM.pdf,website_articles,0.45
Automotive_Product-Traceability-POV.pdf,website_articles,2.42
2024_01_15_Launch-of-Bleus-commercial-activities.pdf,website_articles,0.11
Scottish-Water-Oracle-Cloud-client-story-case-study.pdf,website_articles,0.7
09-04-2026-CFT11_Joakim-Reiter-Vodafone-v2.pdf,website_articles,1.81
Altran-Engineering-Solutions-Inc.pdf,website_articles,0.44
Digital-acceleration-in-life-sciences-RD-Capgemini-.pdf,website_articles,0.99
Lifecycle-optimization-for-Aerospace-1.pdf,website_articles,3.58
DORA-Compliance-POV-12-01-WebReady-002.pdf,website_articles,1.12
CRI_Software-Driven-Mobility-Infographic.pdf,website_articles,1.05
Agentic_Control_and_Management_One_Pager.pdf,website_articles,0.29
Final-Infographic-Quantum-Technologies.pdf,website_articles,0.73
Transitioning-to-Sustainable-Mobility_Apr-23.pdf,website_articles,4.85
Loksatta.pdf,website_articles,0.17
ABN-AMRO-client-story-case-study.pdf,website_articles,0.81
ENG-Open_Finance_Maturity_Index_Brasil-Capgemini_02AGO.pdf,website_articles,10.85
CRI_Data-Ecosystems-in-Public-Sector_web.pdf,website_articles,9.26
Removing-the-Finish-Line.pdf,website_articles,4.61
Firki-Teach-To-Lead.pdf,website_articles,1.67
Capgemini_Software-Defined-Vehicles-for-the-Commercial-Vehicle-Market_PoV.pdf,website_articles,9.4
Top-consumer-goods-company-client-story-case-study.pdf,website_articles,2.91
CFT-10_Pascal-Brier.pdf,website_articles,1.85
Future4care-the-European-healthcare.pdf,website_articles,0.38
William-McDonough.pdf,website_articles,2.05
Final-CIS-Copilot-one-pager-2023-V1b.pdf,website_articles,0.42
05_13_Capgemini-invests-in-the-OpenAI-Deployment-Co_ITA.pdf,website_articles,0.14
cap-eng_success-story_optimize-availability-of-electrical-distribution_dec-2021.pdf,website_articles,18.53
PVP-EXTERNA.pdf,website_articles,5.87
2026-Retail-Trends.pdf,website_articles,0.52
Life-Insurance-POV.pdf,website_articles,6.21
100438.013-_Capgemini_Trucks-Initiative-_infographic_V1-Cool.pdf,website_articles,0.28
POV-Paving-The-Road-To-Value-With-Data-Domains_Capgemini-Invent-Austria.pdf,website_articles,1.33
Final-Infographic-Autonomous-Networks.pdf,website_articles,1.59
Client-Story_final_June-20.pdf,website_articles,0.54
Liquidhub-Pte-Ltd-Financials-March-2023.pdf,website_articles,0.53
Brigette-McInnis-Day.pdf,website_articles,1.69
Branding_Podcast-Transcript_CR085-Driving-change-in-public-services-with-data-and-AI-with-Craig-Suckling-UK-Government-1.pdf,website_articles,0.31
28th-AGM-Transcript.pdf,website_articles,0.53
Final-Infographic-CMO-Playbook.pdf,website_articles,0.79
13-Immersive-Experiences.pdf,website_articles,0.99
Semiconductors_infographic.pdf,website_articles,0.44
Capgemini-Prewave-POV-2026-new-2.pdf,website_articles,2.05
Major-US-insurance-company-client-story-case-study.pdf,website_articles,0.9
Sustainable_IT_Infographic_Final-1.pdf,website_articles,0.28
Anne-Lebel-Natalie-Hugues-Jacquemin-and-Pallavi-Tyagi.pdf,website_articles,3.23
Pascal-Brier-1.pdf,website_articles,3.0
RR011-ServiceNow-Knowledge-2026-The-SaaSpocalypse-and-the-CRM-Paradigm-Shift-with-Hannah-Datz.pdf,website_articles,0.48
EU-BCR-C-Public-version-Updated-Apr.-2025_ES_01.pdf,website_articles,2.74
AWRS-LEAP-Digital-Academy-Program.pdf,website_articles,0.68
Global-conglomerate-client-story-case-study.pdf,website_articles,0.32
Tech4Positive-Futures-NSRCEL-IIMB.pdf,website_articles,0.4
Capgemini-in-Rail-Signaling_vf_-March-2024.pdf,website_articles,0.31
2022-06-08_TAG-Heuer-Success-Story_v2.pdf,website_articles,1.87
WEMO24-Article-09-SMRs-are-part-of-the-answer.pdf,website_articles,4.58
Agentic-AI-in-Retail_POV_Jul2025.pdf,website_articles,6.14
Hyliko-case-study.pdf,website_articles,0.9
31st-AGM-Transcript.pdf,website_articles,0.59
28th-AGM-September-29-2021.pdf,website_articles,10.55
Data-Estate-Modernization_Brochure_10.11.22-2.pdf,website_articles,1.68
FPI-Financial-Services-POV-03.pdf,website_articles,3.33
NP-Capgemini-presenta-Google-Cloud-AI-Enterprise-Hub.pdf,website_articles,0.15
CMO-Playbook_2021-10-21.pdf,website_articles,3.82
01_16_Capgemini-AWS-GenAI_23-01-15_FINAL-2.pdf,website_articles,0.16
Elaine-Arden..pdf,website_articles,0.86
AI-Agents_Final_290725.pdf,website_articles,8.08
Multinational_automotive_manufacturer_client_story_case_study.pdf,website_articles,0.87
Capgemini-and-Zelros-Capabilities-Brochure.pdf,website_articles,7.47
Capgemini_-_2026-04-30_-_Chiffre_d_affaires_du_1er_trimestre_2026.pdf,website_articles,0.23
Branding_Podcast-Transcript_CR081-Cloud-on-the-rocks-with-Dave-Esmee-Rob-and-friends-of-the-show.pdf,website_articles,0.3
Connected_Office_Brochure_20201014.pdf,website_articles,0.94
UNICEF_infograhics_Final.pdf,website_articles,4.24
Capgemini-Zero-Trust-client-story-case-study.pdf,website_articles,0.89
Eefje-Dikker.pdf,website_articles,1.88
Ad_Sales_Maximizer_POV.pdf,website_articles,9.93
Wind-Energy-Beyond-the-Cloud_PoV_April2025.pdf,website_articles,2.56
CFT_Edition_5_THE-CEO-CORNER.pdf,website_articles,0.71
Anglian-Water-digital-wallet-client-story-case-study.pdf,website_articles,0.59
CFT-10_David-Knott.pdf,website_articles,2.05
CRI_Climate-tech_Infographic.pdf,website_articles,0.56
Generative-AI-in-Organizations-Refresh-1.pdf,website_articles,6.37
Aurobay-Capgemini-client-story.pdf,website_articles,0.87
Datenschutzstudie-AT-Capgemini-Invent.pdf,website_articles,4.16
Capgemini-IBM-Agentic-POV.pdf,website_articles,7.35
Branding_Podcast-Transcript_CRSP05-Reimagining-telecom-industry-pt.5-Growth-with-Nik-Willetts-TM-Forum.pdf,website_articles,0.27
Hyper-personalization_of_RFPs_insurance-Screenshots.pdf,website_articles,0.52
CFT-10_Yves-Caseau.pdf,website_articles,2.72
Making-it-real.pdf,website_articles,4.79
Transforming-automotive-customer-experience-with-Salesforce-Automotive-Cloud-and-Data-Cloud-Capgemini.pdf,website_articles,9.97
Reguli_Corporatiste_Obligatorii_ale_Capgemini.pdf,website_articles,0.74
Wealth-Management-Top-Trends2024_web1.pdf,website_articles,1.28
Mobilize-client-story-case-study-1.pdf,website_articles,0.61
Capgemini_When-machine-precision-meets-human-intuition_09092025.pdf,website_articles,7.96
Capgemini-Threat-Protection-Solution-Microsoft-brochure.pdf,website_articles,0.67
WLIR_2025_Final_web-lock.pdf,website_articles,1.72
Engineering-the-Next-POV_2024.pdf,website_articles,13.07
20240314_WWF-x-Capgemini-Success-Story_Approved-by-client.pdf,website_articles,0.41
Solution-Presenter_Green-Core-with-SAP-Solutions.pdf,website_articles,1.13
SAP-security-brochure2.pdf,website_articles,0.75
Eneco-eMobility-client-story-case-study.pdf,website_articles,0.3
Branding_Podcast-Transcript_CR098-Knowledge-2025-special-part-2-Key-ServiceNow-announcements-with-Amanda-Joslin-ServiceNow.pdf,website_articles,0.3
Avasant-Cybersecurity-Services-2025-RadarView™-Capgemini-Profile.pdf,website_articles,1.75
Future-Proofing-Innovation-Roundtable-Series-PoV.pdf,website_articles,2.83
Final-Infographic-1.pdf,website_articles,0.68
Capgemini_-_2025-07-07_-_Capgemini_to_acquire_WNS_to_create_a_global_leader_in_Intelligent_Operations.pdf,website_articles,0.22
CCTV-Privacy-note.pdf,website_articles,0.1
CRI_Turochanging-Software_Final.pdf,website_articles,5.92
Jiani-Zhang.pdf,website_articles,1.17
Gary-Pisano.pdf,website_articles,0.42
High-time-for-low-code-in-industrial-IT-OT_PoV_-Sep-23.pdf,website_articles,1.35
AWS-x-CAPGEMINI-E-Book-Top-Trends-in-the-Financial-Services-Industry-Landscape-Interactive-Version_v17.pdf,website_articles,26.9
The_Scale_Effect-AI-Industrial-Revolution-mobile_friendly.pdf,website_articles,0.0
RR006-How-leaders-must-adapt-now-to-successfully-scale-AI-with-Jana-Werner-and-Phil-Le-Brun-AWS.pdf,website_articles,0.53
DVSA-client-story-case-study.pdf,website_articles,0.49
Brochure-5G-Security-Risk-Assessment_Final.pdf,website_articles,1.0
Employee-Experience-brochure-20221006.pdf,website_articles,1.82
Health-Insurance_POV.pdf,website_articles,3.21
Bijoy-Sagar.pdf,website_articles,2.08
Final-Infographic-Digital-Twins-in-AD.pdf,website_articles,0.72
11_27_-_Capgemini_Success_of_the_12th_employee_shareholding_plan.pdf,website_articles,0.11
CFT-10_Annika-O╠elme.pdf,website_articles,1.59
Cybersecurity-Consulting_brochure.pdf ,website_articles,0.93
Branding_Podcast-Transcript_crsp02-reimagining-telecom-industry-pt-2-regulations-with-ashish-surti-colt.pdf,website_articles,0.35
CFT-10_Daniela-Rus.pdf,website_articles,2.38
23Oct2024-Conversation-Edition-9_Infographic.pdf,website_articles,0.68
Postal-Ballot-–-Notice-dated-October-05-2020.pdf,website_articles,1.72
Anglian-Water-Delivery-Model-Success-Story.pdf,website_articles,0.44
Advertisement-Loksatta.pdf,website_articles,0.18
Returnable-Packaging-Solution_Infographic_Final.pdf,website_articles,2.96
Capgemini-Transcript-Unsecured-Creditors.pdf,website_articles,0.29
PSS_flyer_Mar-23.pdf,website_articles,1.51
Cognitive-Control-Towers_POV.pdf,website_articles,0.56
MM-Group-case-study-2.pdf,website_articles,1.51
COI_Chinese.pdf,website_articles,0.6
KII_E16-SCALINQ-Transcript.pdf,website_articles,0.97
Export-Statement-regarding-Capgemini.pdf,website_articles,0.11
CSR-Plan-FY-2024-25.pdf,website_articles,0.78
Future-Sight-Podcast-Transcript-Ep.40-Tackling-Food-Waste.pdf,website_articles,0.31
Claudia-Crummenerl-2.pdf,website_articles,0.57
Final-Infographic-CFT10.pdf,website_articles,0.75
Everest-Group-The-Blueprint-to-Scaling-AI-for-Business-Transformation.pdf,website_articles,1.32
Driving-loyalty-with-experience.pdf,website_articles,3.12
ADMnext-Electric-Utilities.pdf,website_articles,2.0
Branding_Podcast-Transcript_CR093-Role-of-AI-Gen-AI-in-Cybersecurity-with-Corence-Klop-Rabobank.pdf,website_articles,0.27
wpp2022_summary_of_results.pdf,website_articles,0.0
3DS-2025-Capgemini-Ebook-Meeting-Modern-Production-Challenges-with-Model-based-Systems-Engineering.pdf,website_articles,3.51
Everest_Group_-_Open_Banking_IT_Services_PEAK_Matrix_Assessment_2024_-_Focus_on_Capgemini.pdf,website_articles,0.45
Sheila-Jordan.pdf,website_articles,0.51
Industrial-Metaverse-F5.pdf,website_articles,3.05
Capgemini_Q1_2024_infographics_ENG.pdf,website_articles,0.09
11_23_Capgemini-Appointment_-CEO-of-Egypt.pdf,website_articles,0.14
Capgemini-Data-Driven-RD-for-Consumer-Products_Sales-Brochure.pdf,website_articles,1.37
Duck-Creek-Brochure_V4_Weblocked.pdf,website_articles,1.27
Managed-Detection-and-Response-MDR-Services.pdf,website_articles,0.98
Infographic-Data-powered-enterprises-CRI-21082024-V1.pdf,website_articles,1.36
Generative-AI-in-Organizations-Refresh-2.pdf,website_articles,6.4
Mei-Jiang.pdf,website_articles,0.47
30th-AGM-Transcript.pdf,website_articles,0.59
Postal-Ballot-–-Notice-dated-July-24-2019.pdf,website_articles,0.49
Final-Infographic-Food-Waste-1.pdf,website_articles,0.65
Capgemini_Top-Trends-2026_Infographic_Insurance-1.pdf,website_articles,0.5
Returnable-Packaging-Solution-POV_Final.pdf,website_articles,11.18
Final-Infographic-Data-AI-in-Government.pdf,website_articles,0.71
CRI_Turocharging-Software.pdf,website_articles,5.87
Tokenization-client-story.pdf,website_articles,0.76
10_Jaideep-Prabhu.pdf,website_articles,1.26
32nd-AGM-Transcript.pdf,website_articles,0.46
Politica-Global-de-Protecao-de-Dados-BCR_Controlador.pdf,website_articles,4.59
Conversations_for_Tomorrow_Edition_1-1.pdf,website_articles,10.84
Final-Infographic-Reindustrialization.pdf,website_articles,1.28
Fractional-GCC_MedTech_POV_Capgemini_OCT2025.pdf,website_articles,3.81
CRI_Turbocharging-Software-with-Gen-AI-1.pdf,website_articles,5.92
Branding_Podcast-Transcript_CR088-Cloud-on-the-rocks-AAA.pdf,website_articles,0.29
Final-Infographic-2.pdf,website_articles,0.81
Rahmina-Paullete-1.pdf,website_articles,3.3
Mission-Million-Trees.pdf,website_articles,0.48
Capgemini_Top-Trends-2026_Insurance.pdf,website_articles,3.02
BUILDING-THE-NEXT-GEN-PHARMA-LAB-160224-Web.pdf,website_articles,4.92
Final-Infographic-Sustainable-Gen-AI.pdf,website_articles,0.53
ADMnext-for-a-Media-and-Entertainment-Conglomerate.pdf,website_articles,0.37
Final-Infographic-Cloud.pdf,website_articles,0.51
Alan-Boehme-4.pdf,website_articles,0.65
Everest_Group_-_Sustainable_IT_Services_PEAK_Matrix_Assessment_2025_-_Focus_on_Capgemini-2.pdf,website_articles,0.38
03_Drieke-Leenktnegt-1.pdf,website_articles,0.69
FFE_Campus-to-Corporate.pdf,website_articles,0.21
Automotive_Supply_Chain_Infographic.pdf,website_articles,12.09
Branding_Podcast-Transcript_CR95-The-gap-between-humanity-and-AI.pdf,website_articles,0.3
Final-Web-Version-Connected-Health-1.pdf,website_articles,2.56
CapgeminisAWSAutomotiveebook.pdf,website_articles,4.06
Jon-Alan.pdf,website_articles,2.23
Watchmaking-Industry-Ahead-Capgemini-v2-002.pdf,website_articles,0.22
Intimation-of-sanction-of-record-date.pdf,website_articles,1.39
Branding_Podcast-Transcript_CR107-Reflecting-on-Season-4-–-Highlights-what-we-learned-loved-and-are-planning-next.pdf,website_articles,0.38
Autonomous-Agent-Alliance.pdf,website_articles,0.2
Nicolas-Schmit.pdf,website_articles,1.26
Barts-Health-client-story-case-study.pdf,website_articles,1.8
Capgemini_We_Talk_Software_In_Automotive_Pov-1.pdf,website_articles,1.93
Evoting-instructions.pdf,website_articles,0.43
Final-Infographic-CMO-Playbook-2.pdf,website_articles,0.44
KII_E17-MatsHultin-Transcript.pdf,website_articles,0.7
CFT-10_Corence-Klop.pdf,website_articles,1.9
How-to-exercise-your-data.pdf,website_articles,0.86
2025-Talent-Acquisition-Global-Privacy-Notice.pdf,website_articles,0.11
Impact-Future-Project.pdf,website_articles,0.64
Como-Exercer-Seus-Direitos.pdf,website_articles,0.44
Virginie-Helias-1.pdf,website_articles,2.98
2025-06-03_Gen_AI_in_RD_PoV_v4.pdf,website_articles,2.91
Software-Driven-Mobility-POV_Infographics_July-2024.pdf,website_articles,5.11
Auto_CV_infographic_20240904_V03.pdf,website_articles,0.42
Infographic-Conversations-for-Tomorrow-Edition-4.pdf,website_articles,1.06
Supervision-monitoring-systems-for-railway_Brochure_vf_be240e.pdf,website_articles,1.41
GENERATIVE-AI_Final_WEB_060723.pdf,website_articles,5.06
ESOP-Leverage-P-2021.pdf,website_articles,0.71
IGATE-Infrastructure-Management-Services-Limited.pdf,website_articles,2.21
Hightech_Semiconductor_PoV_20230901_V05_Invent.pdf,website_articles,8.12
CSR-Committee-composition.pdf,website_articles,0.17
Capgemini-and-Microsoft-Copilot_eBook.pdf,website_articles,3.59
Penske-Transportation-Solutions-client-story-case-study.pdf,website_articles,1.74
Informacja-o-realizowanej-strategii-podatkowej-za-rok-2023.pdf,website_articles,0.21
Smart-City.pdf,website_articles,8.93
ESOP-Plan.pdf,website_articles,3.51
CRI_Sustainability-By-Design_FINAL_WEB.pdf,website_articles,9.87
Wolters-Kluwer-factsheet.pdf,website_articles,1.08
Eliano-Russo-1.pdf,website_articles,2.78
Brochure-Green-Core-with-SAP-Solutions.pdf,website_articles,3.26
Future-proof-your-business-with-Pega-Cloud-and-Capgemini.pdf,website_articles,1.02
Everest_Group_-_Making_Brownfield_Factories_Smarter_and_Greener_Capgemini.pdf,website_articles,5.0
Fluidra-case-study.pdf,website_articles,1.66
WEMO24-Article-12-Industrial-Heat-is-in-the-blind-spot-of-energy-transition.pdf,website_articles,4.47
POV_CustomGenerativeAiForEnterprise2023.pdf,website_articles,1.36
The-road-to-softwarization_Final.pdf,website_articles,8.04
Final-Infographic-Software-is-driving-automotive.pdf,website_articles,1.46
WEF_The_Rise_of_Global_Digital_Jobs_2024.pdf,website_articles,0.99
2023-01-09_Liberty-Latin-America_client_story_V02.pdf,website_articles,1.75
Final-Infographic-AI-Powered-CX.pdf,website_articles,0.98
Notice-to-Unsecured-Creditors-of-Aricent.pdf,website_articles,10.27
2025-Overview-Universo-Penteo-Integradores-Cloud-Capgemini.pdf,website_articles,9.08
CSR-Plan-FY-2022-23.pdf,website_articles,0.4
CFT-10_Kevin-Scott.pdf,website_articles,1.81
POV_Enterprise-data-sharing.pdf,website_articles,1.17
Branding_Podcast-Transcript_CR079-The-state-of-the-art-of-drones-by-Dario-Valenza-founder-Carbonix.pdf,website_articles,0.28
ESOP-Leverage-P-2020.pdf,website_articles,0.89
Postal-Ballot-Notice-dated-December-09-2024.pdf,website_articles,0.78
29th-AGM-Transcript.pdf,website_articles,0.52
20-04-2026-CFT11_Jai-Haridas_Google-v4.pdf,website_articles,1.52
Control-room-of-the-future.pdf,website_articles,4.62
Peter-Cappelli.pdf,website_articles,0.54
2024_01_29_Capgemini-and-Google-Cloud_Auto-Club-Group-migration.pdf,website_articles,0.12
CRI_Agentic-AI_Infographic_V06.pdf,website_articles,1.04
Accelerating-the-battery-industry-Brochure.pdf,website_articles,1.7
Aricent-Technologies-Holdings-Limited.pdf,website_articles,3.94
NP_WWR22026.pdf,website_articles,0.15
DORA_Brochure-V1.pdf,website_articles,0.68
Touchless-Endorsements-for-Property-Casualty-Insurance.pdf,website_articles,0.43
2022-04-27_TEC_Success-Story.pdf,website_articles,0.45
Softwarization-for-Semiconductors_Capgemini-POV_new.pdf,website_articles,11.12
20th-March-Customer-service-transformation-CRI_Final.pdf,website_articles,8.84
2022-Introduction-to-Capgemini-Group.pdf,website_articles,3.29
Form-MGT-7_Annual-Return.pdf,website_articles,3.04
Wealth_Management_V5.pdf,website_articles,1.44
CRI_Customer-Service-Transformation_Infographic_008.pdf,website_articles,7.29
30012026-Capgemini-Google-Cloud-Lookbook.pdf,website_articles,6.03
Capgemini-Salesforce-Global-Look-Book.pdf,website_articles,23.97
Electrogenics-Labs-client-story-case-study.pdf,website_articles,0.73
Microsoft_DCC.pdf,website_articles,0.82
Charise-Le.pdf,website_articles,0.52
Client-Story-DATEV-x-Capgemini-Invent.pdf,website_articles,1.41
Global-autmotive-company-GitHub-client-story-case-study.pdf,website_articles,0.45
Cyril-Garcia-and-Florent-Andrillon-1.pdf,website_articles,2.33
WEMO24-Article-07-Focus-Hydrogen-on-hard-to-abate-industries.pdf,website_articles,3.39
CFT11_Kai-Fu-Lee_Sinovation_CN-V3.pdf,website_articles,5.04
Branding_Podcast-Transcript_CR116-Unlocking-Cloud-for-critical-missions-with-Danny-Polaine-Thales.pdf,website_articles,0.64
08_26_Capgemini-to-acquire-Cloud4C.pdf,website_articles,0.14
2026_Barometre-energies-vertes-n19_2eme-Semestre-2025.pdf,website_articles,0.97
DIYA.pdf,website_articles,0.3
Prakash-Arunkundrum.pdf,website_articles,2.02
Capgemini-advertisement-Loksatta.pdf,website_articles,0.88
The-rise-of-derivative-chips_final.pdf,website_articles,3.17
Final-Infographic-Investment-Trends-2024.pdf,website_articles,1.67
Capgemini-Telematics-Platform.pdf,website_articles,1.96
Branding_Podcast-Transcript_CRSP04-Reimagining-Telecom-Industry-pt.4-Data-AI-with-Osman-Peermamode-Vodafone-Group.pdf,website_articles,0.27
Capgemini-Slavery-Act-Statement_CY24_due-30-June-25_v0.3_17-June-2025-executed-1.pdf,website_articles,1.43
Capgemini-MXDR-powered-by-Microsoft-brochure-2025-v1.pdf,website_articles,1.05
Altation-Fachsheet-Updated-April-2023.pdf,website_articles,9.33
29th-AGM-–-September-27-2022.pdf,website_articles,4.03
Capgemini_Trucks_Initiative_POV_Digital_96dpi_V2.pdf,website_articles,1.94
TREEADS-client-story-case-study.pdf,website_articles,3.12
Infographic_Data-Masters-in-Insurance_Final-1.pdf,website_articles,0.8
Capgemini_Riverty_case%20study_04292024.pdf&download=1,website_articles,0.0
Final-Infographic-Gen-AI-in-Lifesciences.pdf,website_articles,1.36
KII_E13-Vattenfall-Transcript.pdf,website_articles,0.85
Branding_Podcast-Transcript_CR113-Bridging-the-digital-skills-gap-in-a-complex-world-with-Mike-Nayler-AWS.pdf,website_articles,0.44
11_20_Capgemini_Microsoft_Mistral-GenAI-partnership.pdf,website_articles,0.12
Solar-Team-Twente-client-story-case-study.pdf,website_articles,0.5
Dassault-ADAS-campaign-Brochure-March24.pdf,website_articles,1.99
ADMnext-by-Capgemini_Brochure_Revamp.pdf,website_articles,0.54
Insurance-AI-artificial-intelligence-Factsheet.pdf,website_articles,1.38
Capgemini_-State-of-Georgia-_client-story_v3F.pdf,website_articles,1.92
Consultivo-School-Adoption-Program.pdf,website_articles,0.09
Heathrow-Copado-client-story-case-study.pdf,website_articles,0.45
ESOP-Leverage-P-2023.pdf,website_articles,0.88
Confidence-in-autonomous-and-agentic-systems_19May.pdf,website_articles,7.14
PoV_eBR-1.pdf,website_articles,4.98
FPI-Mobility-POV-final.pdf,website_articles,7.4
231110-Communications-Management-Procedure_SpeakUp_SPA.pdf,website_articles,0.81
ADAS-AWS-Brochure-Jan-2024.pdf,website_articles,2.74
SecOps-with-Microsoft-and-Capgemini-brochure.pdf,website_articles,0.93
2026-GSA-Tracces-by-Capgemini-Remote-Connectivity-in-Semiconductor-Manufacturing-Study-Results.pdf,website_articles,0.97
KII_E12-Yara-Transcript.pdf,website_articles,0.93
KII_E01-Polestar-Transcript.pdf,website_articles,0.78
11_Jonathan-Cherki.pdf,website_articles,1.61
27-05-2026-CFT11_Sharad-Sriwastawa_Rakuten-v2.pdf,website_articles,2.6
Adrienne-Horel-Pages.pdf,website_articles,2.38
Branding_Podcast-Transcript_CRSP03-Reimagining-Telecom-Industry-pt.3-Network-Transformation-with-Mallikarjuna-Rao-Telefonica.pdf,website_articles,0.28
80392.pdf,website_articles,0.08
CRI_Sustainability-in-Automotive_web_draft_12052023.pdf,website_articles,7.94
Brose-case-study.pdf,website_articles,1.41
RR005-Value-metrics-vs-vanity-metrics-with-Carlos-Corredor-Condor.pdf,website_articles,0.5
BR-for-Capgemini-CTC_Scheme-approval.pdf,website_articles,0.53
Wealth-Management-Top-Trends-2024_Infographic_web.pdf,website_articles,0.13
AWS-TechnoVision-production_final.pdf,website_articles,13.86
Everest_Group_Sustainable_Engineering_Services_PEAK_Matrix_Assessment_2025_-_Focus_on_Capgemini.pdf,website_articles,0.45
Boost-Efficiency-Reliability-in-Automotive.pdf,website_articles,6.74
Risk-based-Vulnerability-Management.pdf,website_articles,1.09
Final-Web-Version-Quantum-Technologies.pdf,website_articles,9.16
Gen-AI-in-Management_infographics_Final-draft_161024.pdf,website_articles,0.56
Client-Story-Europe-CX.pdf,website_articles,1.29
End-to-end-Critical-Software-Engineering_Brochure_vf_086d4f.pdf,website_articles,1.81
Capgemini-PoV_Hydrogen-Position.pdf,website_articles,3.22
HMRC-ODS-client-story-case-study.pdf,website_articles,0.4
Capgemini_Microsoft-DCM-brochure.pdf,website_articles,0.9
Branding_Podcast-Transcript_CR110-The-genesis-of-the-virtual-assistant-with-Kevin-Surace.pdf,website_articles,0.33
lifesciences-erandd-pulse2026-V1.pdf,website_articles,4.59
WEF_Realizing_the_Potential_of_Global_Digital_Jobs_2024.pdf,website_articles,3.87
VWAudi-client-story_V2.pdf,website_articles,0.22
PoV_Agentic-AI-in-LS_May-2026.pdf,website_articles,5.04
09_Purpose.pdf,website_articles,1.28
Investment-trends-infographic.pdf,website_articles,0.41
Capgemini_-_2026-04-30-_-2026_Q1_Revenues.pdf,website_articles,0.2
CFT-10_Michele-Mosca.pdf,website_articles,1.47
Frank-Chen.pdf,website_articles,0.42
Automotive_Supply_Chain_POV__New_VI.pdf,website_articles,2.94
Amy-Edmondson.pdf,website_articles,2.61
Branding_Podcast-Transcript_CR104-Quantumania-part-2-with-Catherine-Vollgraff-Heidweiller-and-James-Goeders-Google-Quantum-AI.pdf,website_articles,0.32
Final-Infographic-Creative-Gen-AI.pdf,website_articles,2.05
Stephane-Kasriel.pdf,website_articles,1.75
Form-MGT_7-Annual-Return.pdf,website_articles,2.91
Postal-Ballot-Notice-dated-August-09-2024.pdf,website_articles,0.79
Capgpemini_Google-Cloud-RAISE-Brochure_Jan2026.pdf,website_articles,3.83
Postal-Ballot-Notice-dated-August-08-2025.pdf,website_articles,0.79
Invent-for-Society-Brochure_Jan22_VF.pdf,website_articles,7.14
30092025-CFT10-Dr-Luc-Julia.pdf,website_articles,0.92
Federal-Employment-Agency-client-story-case-study.pdf,website_articles,0.39
Global_insurer_client_story_case_study.pdf,website_articles,0.77
CMO_Brand-Strategy-POV_2021.pdf,website_articles,4.13
Capgemini_DassaultSystemes_eBook2025.pdf,website_articles,0.0
SEAT-case-study-1-1.pdf,website_articles,1.83
05_Aparna-Labroo.pdf,website_articles,0.65
NP-OpenAI-Deployment-Company.pdf,website_articles,0.12
Jakson-tekstiversio-Teknologian-valta-kasvaa-–-onko-Eurooppa-valmis-uuteen-aikaan.pdf,website_articles,0.61
Capgemini_SAP_POV_Digital_96-DPI.pdf,website_articles,2.39
Agentic-AI-for-Enterprise_POV.pdf,website_articles,4.27
POV_A-glimpse-of-a-hyper-contextualized-future-for-customer-experience_July-2025.pdf,website_articles,1.01
MajBritt-Arfert.pdf,website_articles,2.24
Martin-Curran.pdf,website_articles,0.55
CRI_Autonomous-Network_Final.pdf,website_articles,27.31
Shobha-Meera.pdf,website_articles,0.79
Cognitive-Document-Prcoessing-Bankingand-Capmkts-Brochure.pdf,website_articles,0.78
Branding_Podcast-Transcript_CR077-Mission-centric-scaled-AI-1.pdf,website_articles,0.45
Altran-Engineering-Solutions-Japan-Corporation.pdf,website_articles,0.37
Prof.-Suraj-Srinivasan.pdf,website_articles,2.31
Life-Science-QuadRpt-Customize-Full-length-Global-2026-03-31-Final.pdf,website_articles,10.56
NRMA-case-study-1.pdf,website_articles,1.52
05_07-Robotics-in-the-age-of-physical-AI-CRI_PR_ITA.pdf,website_articles,0.15
01-075.25_-Client-story-Zorginstituut-Nederland_V4.pdf,website_articles,0.76
Branding_Podcast-Transcript_CR084-Hyper-Automation-with-Johan-Sporre-Ericsson.pdf,website_articles,0.3
Capgemini-Transcript-Equity-Shareholders.pdf,website_articles,0.29
2102.02503.pdf,website_articles,0.09
AI4Food-handout-1.pdf,website_articles,5.06
COI_Japanese.pdf,website_articles,0.63
30th-AGM-–-September-26-2023.pdf,website_articles,1.71
tax-transparency-in-africa-2025.pdf,website_articles,8.18
Next-Gen-SOC-MDR-Services-–-Large-Accounts.pdf,website_articles,1.04
Capgemini-Rapport-Annuel-Integre-2025.pdf,website_articles,20.03
WWR_2026.pdf,website_articles,2.13
D07403-2024-TIV-Projects-March-2024_GenAI-Playbook_Revised_D1.pdf,website_articles,3.74
Infographic-Intelligent-Supply-Chain.pdf,website_articles,0.63
LEAP-Career-Academy-Udyogini.pdf,website_articles,0.2
dont-get-flummoxed-by-data-1.pdf,website_articles,0.4
04_Pete-Markey.pdf,website_articles,0.77
ESOP-Leverage-P-2024.pdf,website_articles,0.21
NP-El-momento-de-la-verdad-de-la-IA-en-seguros-No-Vida.pdf,website_articles,0.17
Branding_Podcast-Transcript_CR109-Season-5-Kick-Off-with-Dave-Esmee-and-Rob.pdf,website_articles,0.31
CRI_Physical-AI-Infographic.pdf,website_articles,1.1
Postal-Ballot-Form-1.pdf,website_articles,0.28
Leading-global-life-insurer-client-story-case-study.pdf,website_articles,0.38
CRI_Sustainability_Transformation_Final-3.pdf,website_articles,8.42
Cybersecurity-brochure-20230412.pdf,website_articles,1.24
World-Rugby-carbon-emissions-client-story-case-study.pdf,website_articles,1.6
2026_04_29_Capgemini_Reindustrialization-of-Europe-and-US_ITA.pdf,website_articles,0.16
Inclusive-tech_Infographic.pdf,website_articles,0.21
Capgemini_Trusted-AI-PoV.pdf,website_articles,5.86
Aricent-advertisement-FPJ.pdf,website_articles,1.27
CR090-Every-organization-is-made-up-of-people-and-work-structures-with-Jitske-Kramer.pdf,website_articles,0.3
Final-Web-Version-Food-Waste.pdf,website_articles,18.03
2700426CRI_Reindustrialization-_Interactive_Final-1.pdf,website_articles,7.99
UNICEF-GDSC-client-story-case-study.pdf,website_articles,32.02
Digital-Academy.pdf,website_articles,0.24
Lending-Transformation-Solution.pdf,website_articles,3.8
Sustainability-Future-proofing-innovation-CPRD-POV.pdf,website_articles,6.36
Elisa-Farri-and-Gabriele-Rosani-1.pdf,website_articles,1.57
Siemens-and-Capgemini-Partnership_Brochure2025.pdf,website_articles,5.39
Capgemini-Identity-Singularity-2035-PoV1.pdf,website_articles,2.58
4829-Capgemini-Google-Cloud-Sustainability-Oct-Final-2.pdf,website_articles,6.05
CRI_Supply-Chain-in-Automotive_18092023_Final-Draft_Web.pdf,website_articles,9.82
Envisioning-the-Future-of-Oncology.pdf,website_articles,2.05
Copado-Factsheet-Updated-April-2023.pdf,website_articles,7.22
KION-Group-client-story-case-study.pdf,website_articles,0.62
Flyer_Capgemini-and-Pasqal.pdf,website_articles,0.24
Branding_Podcast-Transcript_CR080-AI-driven-hyper-automation-with-Nicole-Onuta-AI-business-transformation-expert.pdf,website_articles,0.28
Gen-AI-and-agentic-AI-across-government_PoV.pdf,website_articles,13.98
CSR-Box-School-of-Coding.pdf,website_articles,0.25
2025_02_06_Renewal-of-Peugeot-Sport_Capgemini_partnership.pdf,website_articles,0.13
CRI_Data-powered-enterprises_03092024.pdf,website_articles,7.98
Final-Infographic-Circular-Economy-1-2.pdf,website_articles,0.2
Ctrl-Alt-Human.pdf,website_articles,0.2
Brochure-IDEA-by-Capgemini-with-Microsoft.pdf,website_articles,1.11
Final-Infographic-Consumer-Trends-2026.pdf,website_articles,0.71
Intelligent-Manufacturing-Services-for-Automotive-POV.pdf,website_articles,4.46
Navantia-client-story-case-study.pdf,website_articles,3.12
Four-Seasons-reimagines-its-Finance_and_Accounting-function-1.pdf,website_articles,0.93
Technology-provider-ADMnext-case-study.pdf,website_articles,0.73
Kern-Pharma.pdf,website_articles,0.82
Whole-Lotta-Fusion.pdf,website_articles,0.22
Global-OEM-Automated-Driving-case-study.pdf,website_articles,0.5
05_20_Capgemini_2026_Shareholders_Meeting.pdf,website_articles,0.19
Strategic-Security-Services-–-Large-Accounts-1.pdf,website_articles,1.01
ICT_Campus-to-Corporate.pdf,website_articles,0.23
Capgemini-Microsoft-The-New-AI-Imperative-in-Manufacturing-10.pdf,website_articles,4.18
Heathrow-case-study.pdf,website_articles,0.46
Capgemini-in-Rail-Signaling_vf_-March-2024_643eb3.pdf,website_articles,0.31
Politica-Global-de-Protecao-de-Dados-BCR_Operador.pdf,website_articles,1.17
Anne-Lebel-1.pdf,website_articles,0.48
Branding_Podcast-Transcript_CR096-TechnoVision-2025-Your-gateway-to-cutting-edge-innovation.pdf,website_articles,0.35
Next-Destination-Software-_WEB.pdf,website_articles,5.03
Prewave-Capgemini-Supply-Chain-Resilience-POV-Final-Design.pdf,website_articles,6.69
KII_E19-KaarenHilsen.pdf,website_articles,1.09
Johnson-Johnson-Innovative-Medicine-client-story-case-study-1.pdf,website_articles,0.39
Postal-Ballot-Notice-dated-July-24-2023.pdf,website_articles,1.18
DCC_Security-Service-Delivery-Case-Study-UK_final.pdf,website_articles,0.9
Pascal-Brier.pdf,website_articles,0.47
Branding_Podcast-Transcript_CR114-Why-human-experience-matters-more-than-ever-with-Kevin-Magee-Allhuman.pdf,website_articles,0.46
AI4HealthyAging_Success-Story_Espanol_v4.2.pdf,website_articles,1.83
TV25-FINANCIAL-SERVICES-28-March-web-lock.pdf,website_articles,4.97
Multinational-telecommunications-company-client-story-case-study.pdf,website_articles,0.75
Riverty_client_story_case_study_6b71a7.pdf,website_articles,1.04
SAP-S_4HANA-Cloud-for-automotive-suppliers_Solution-brochure_V3.pdf,website_articles,0.61
2020_12_07_Capgemini_France-Televisions_EN-1-1.pdf,website_articles,0.18
Johnson-and-Johnson-transforms-its-demand-planning-and-external-manufacturing-processes.pdf,website_articles,0.84
Everest-Group-Core-Modernization-for-Building-Future-Banking-Experiences.pdf,website_articles,1.06
Breitling-case-study.pdf,website_articles,0.25
Solution-Paper_Empower-the-next-generation-of-customer-engagement-with-Gen-AI_CapgeminiMicrosoft.pdf,website_articles,1.13
Final-Infographic-Supply-Chain-in-CPR.pdf,website_articles,0.91
CPR_Grocery-Trends_2025_PoV.pdf,website_articles,10.11
01_Sweta-Mehra.pdf,website_articles,0.68
Sustainability-case-study.pdf,website_articles,0.2
2021_02_04_Capgemini-joins-Verkor-venture-1-5.pdf,website_articles,0.1
Sustainability-in-EUC_Web-1-2.pdf,website_articles,3.5
Office-365-Power-Platform-Brochure-20220914.pdf,website_articles,1.41
Ovais-Sarmad-1.pdf,website_articles,2.48
TechnoVision-for-Automotive.pdf,website_articles,9.19
Stacey-Fluhler.pdf,website_articles,2.07
RMN-Revenue-Growth-Engines.pdf,website_articles,0.47
Everest-Group-AI-and-Generative-AI-Services-PEAK-Matrix-Assessment-2025-Focus-on-Capgemini.pdf,website_articles,0.6
CFT-10_Mike-Crisafulli.pdf,website_articles,1.86
2024-02-27_Capgemini_PM_Tennet_Win_Cloud-Transformation.pdf,website_articles,0.16
08_22_AC37_Capgemini_WindSight-IQ-3.pdf,website_articles,0.2
Nadege-Petit.pdf,website_articles,1.97
WHO-NMH-PND-16.5Rev.1-eng.pdf,website_articles,0.0
Final-Infographic-AI-Agents.pdf,website_articles,1.04
Everest-Group-Software-Product-Engineering-Services-PEAK-Matrix-Assessment-2026-–-Global-Focus-on-Capgemini.pdf,website_articles,0.73
AD_SAF-frm-UCO_PoV_20250210_V05.pdf,website_articles,1.97
LEAP-Inclusion-Digital-Academy.pdf,website_articles,1.68
Final-Infographic-Lab-of-the-Future.pdf,website_articles,0.85
32nd-AGM-–-September-29-2025.pdf,website_articles,0.84
Accelerating-low-carbon-hydrogen-and-cutting-costs-with-digital-technology-2.pdf,website_articles,11.36
KII_E07-Transcript.pdf,website_articles,0.84
Artificial-Intelligence-in-Financial-Services.pdf,website_articles,1.07
Capgemini-Wealth-Management-Top-Trends-2024_Slide-deck.pdf,website_articles,0.84
Capgemini_-_2026-05-27_-_2026_Capital_Markets_Day.pdf,website_articles,0.15
The-CEO-Corner.pdf,website_articles,0.87
Frictionless-CIAM-case-study-1.pdf,website_articles,0.43
PoV_Effective-investment-in-generative-AI-for-marketing_March2024.pdf,website_articles,1.78
The-CEO-Corner-1.pdf,website_articles,2.74
Capgemini_Invent_Smart_assets_Airports_Final_POV.pdf,website_articles,0.0
Tariffs-as-a-turning-point-Point-of-View-Capgemini-June-18-2025.pdf,website_articles,4.5
ETH-Zurich-partnership_PORTRAIT.pdf,website_articles,8.51
Order-of-NCLT-dated-10-June-2022.pdf,website_articles,0.27
North-American-financial-services-company-SS-brochure-1.pdf,website_articles,1.58
07_Henrik-Wenders.pdf,website_articles,0.6
Final-Web-Version-Quantum-Technologies-1.pdf,website_articles,9.25
Supply-Chain-Offer-POV.pdf,website_articles,5.91
KII_E08-Transcript.pdf,website_articles,0.86
Final-Infographic-CX-in-Automotive.pdf,website_articles,0.53
Capgemini-and-Majesco-Partnership.pdf,website_articles,9.72
Employee-Experience-Collaboration-brochure-20221006.pdf,website_articles,0.66
Postal-Ballot-Notice-dated-February-04-2020.pdf,website_articles,1.95
Notice-to-Unsecured-Creditors-of-Capgemini.pdf,website_articles,10.25
Branding_Podcast-Transcript_CR112-Evolving-role-of-AI-across-industries-AI-mini-series-part-1-AAA-team-podcast-.pdf,website_articles,0.47
Global-Oracle-Capabilities.pdf,website_articles,1.05
BeNeLux-Freelancer-Gateway-portal-Data-Privacy-Notice-26092024.pdf,website_articles,0.12
RR003-Messaging-the-future-with-Kathleen-Tandy-Meta.pdf,website_articles,0.46
Claudia-Nemat.pdf,website_articles,0.43
PoV_Envision-a-new-era-of-customer-service-with-generative-AI_Dec-2024.pdf,website_articles,1.39
Frank-Loydl.pdf,website_articles,2.88
Branding_Podcast-Transcript_CR111-From-mission-driven-to-tech-driven-with-Ben-Sparke-Microsoft.pdf,website_articles,0.29
Battery-Infographic.pdf,website_articles,3.55
Technical-Security-Services-–-Large-Accounts.pdf,website_articles,1.17
advanced-driver-assistance-systems_may21.pdf,website_articles,2.43
CRI_PQC_Infographic_V04.pdf,website_articles,1.39
CRI_Next-Gen-Supply-Chain_7th-draft_18092025.pdf,website_articles,9.55
WWR-2024-Behavioral-Finance-web-version-1.pdf,website_articles,3.52
12983_Apprentice-brochure_v9.pdf,website_articles,2.2
CR117-Redesigning-industries-with-AI-with-Scott-Hanselman-Microsoft.pdf,website_articles,0.51
HMRC-SAP-case-study.pdf,website_articles,0.61
CFT-10_Jeremy-Utley.pdf,website_articles,1.76
2026-03-Capgemini_Piterion-Deutsch.pdf,website_articles,0.11
Client-Story-Lower-Saxony-State-Health-Office-implements-a-joint-digital-data-collection-platform_V3.pdf,website_articles,0.71
13065_Graduate-brochure_Rebrand_V3.pdf,website_articles,4.06
Final-Infographic-Conversations-Edition-3.pdf,website_articles,2.45
CEO-Corner.pdf,website_articles,1.96
Final-Infographic-Digital-Continuity-in-AD.pdf,website_articles,0.18
Dr.Nathalie-Casas-1.pdf,website_articles,3.6
AD_UCO-SAF_infographic_20250205_V02.pdf,website_articles,0.41
Digital-accessibility-POV.pdf,website_articles,4.17
FichadeProjeto-APTUS.pdf,website_articles,0.24
Auto_Software-driven_mobility_POV_New_VI.pdf,website_articles,2.23
RR001-This-is-Realities-Remixed-big-trends-for-2026.pdf,website_articles,4.4
Branding_Podcast-Transcript_CR0105-How-little-we-still-understand-about-GreenOps-with-James-Hall-Green-Pixie.pdf,website_articles,0.26
05_12_Capgemini-invests-in-the-OpenAI-Deployment-Co.pdf,website_articles,0.11
Daimler-Truck-IT-Carve-Out-20thApr2026-1.pdf,website_articles,1.18
PR-PORT_Piterion-acquisition-09Mar2026.pdf,website_articles,0.23
Capgemini-for-Microsoft-Agents.pdf,website_articles,1.12
Capgemini_Q1_2026_infographics_ENG.pdf,website_articles,0.1
Global-Oracle-partnership-infographic.pdf,website_articles,0.15
1812.05239.pdf,website_articles,0.65
CRI_Sustainability-Transformation_Infographic-1.pdf,website_articles,0.63
DATEV-client-story-case-study_2d6771.pdf,website_articles,0.49
Branding_Podcast-Transcript_CR083-Jagvinder-Singh-Kang-Partner-International-UK-Head-of-IT-Law-at-Mills-Reeve.pdf,website_articles,0.29
Commercial-vehicles-study-Capgemini-Invent.pdf,website_articles,8.65
ITZBund-client-story-case-study.pdf,website_articles,1.03
Capgemini-Google-Cloud-Lookbook_11032025.pdf,website_articles,3.23
Next-Gen-SOCMDR-Services-–-Large-Accounts.pdf,website_articles,0.98
Liquidhub-India-Private-Limited.pdf,website_articles,20.31
D22907-2024-FS_Life-Insurance-POV_20-03-2025_Locked.pdf,website_articles,3.82
02_Aaron-Mitchell.pdf,website_articles,0.7
Lynda-Gratton.pdf,website_articles,0.48
Leading-European-telecom-company-client-story-case-study.pdf,website_articles,0.14
RR013-Starting-your-own-AI-company-with-Gijs-and-Tijn-One-Horizon.ai_.pdf,website_articles,0.48
Seizing-the-SAP-S4HANA-opportunity-1.pdf,website_articles,0.98
Cybersecurity-in-Smart-Factories_Web-2.pdf,website_articles,7.48
Agentic-Hyper-Personalization_6_11-1.pdf,website_articles,1.29
KII_E02-StenaRecycling-Transcript.pdf,website_articles,1.05
RR010-The-big-data-unlock-for-AI-with-Edward-Calvesbert-IBM-.pdf,website_articles,3.03
Capgemini_-_2022-04_08_-_2021_Universal_Registration_DocumentHD.pdf,website_articles,14.97
Imperial-War-Museum-CS-UK.pdf,website_articles,1.36
2020_07_23_Capgemini_announces_its-ambition_to_become_a_net_zero_business_by_2030_.pdf,website_articles,0.11
Form-MGT-9-Extracts-of-Annual-Return.pdf,website_articles,1.24
Postal-Ballot-Notice.pdf,website_articles,0.86
UK-Supreme-Court-client-story-case-study.pdf,website_articles,0.62
Mike-Dunkley_Karen-Weisenger.pdf,website_articles,0.46
Telco_CS_CRI_infographics_20250423_V08.pdf,website_articles,0.82
HNWI-Loyalty-Risks-AI.pdf,website_articles,4.27
CFT10-06-04-2026-CFT10_Christine-Sarros_Oracle-v3.pdf,website_articles,4.07
Connected-Medical-Device-Security-PoV-2024.pdf,website_articles,0.86
CRI_The-Eco-Digital-Era_Infographic_V3_J.pdf,website_articles,13.77
Capgemini_-_2025-04-29_-_2025_Q1_Revenues.pdf,website_articles,0.18
Strategic-Security-Services.pdf,website_articles,1.0
396107_Next_Generation_Bio-Innovation_V2.pdf,website_articles,19.01
WWR_2026-Infographic.pdf,website_articles,2.16
COI_Spanish.pdf,website_articles,0.41
SF-LS-brochure-2025-Ver-3-2.pdf,website_articles,1.67
eBook-Stage-Alternance-2024.pdf,website_articles,1.77
Form-MGT-7-Annual-Return.pdf,website_articles,6.57
Final-Infographic-New-Leadership-Skills-1.pdf,website_articles,0.18
New-Energy-Business_WEB-1.pdf,website_articles,4.07
BR-for-Aricent-CTC_Scheme-approval.pdf,website_articles,0.21
Automotive-manufacturer-case-study-2.pdf,website_articles,1.65
Gen-AI-for-SWE-in-High-Tech.pdf,website_articles,1.24
Open_Finance_Maturity_Index_Brasil-Capgemini-2024-1.pdf,website_articles,10.28
Climate-Tech_Start-Ups-1.pdf,website_articles,4.48
Final-Infographic-Conversations-Edition-6.pdf,website_articles,2.88
CRI_AI-Software-Engineering_Final1.pdf,website_articles,0.4
WCR-POV-Reimagining-financial-services-with-agentic-AI.pdf,website_articles,3.71
Dr.-Jennifer-Doudna.pdf,website_articles,0.55
231110-Communications-Management-Procedure_SpeakUp_ENG.pdf,website_articles,1.1
Capgemini_-_2024-04-30_-_2024_Q1_Revenues.pdf,website_articles,0.18
18th-March-Customer-service-transformation-CRI_V7.pdf,website_articles,8.84
Siemens-Corporate-IT-client-story-case-study.pdf,website_articles,1.16
List-of-Unpaid-shareholders-transfer-to-IEPF.pdf,website_articles,0.42
RR007-What-happens-when-Moores-law-is-over-with-AJ-Guillon-and-Peter-Richards-YetiWare.pdf,website_articles,0.48
Branding_Podcast-Transcript_CR096-Sustainable-Environment-cross-Government-with-Liam-Walsh-and-Paul-Mukherjee-Defra.pdf,website_articles,0.27
HR-privacy-notice_2018_August_17th-002.pdf,website_articles,0.17
D031-01-2024-Group-CSR-January-2024_V5.2.pdf,website_articles,2.94
School-of-Coding.pdf,website_articles,0.73
Final-Infographic-Connected-Health-1.pdf,website_articles,1.33
Xavier-Chéreau.pdf,website_articles,1.77
Lucia-Sinapi.pdf,website_articles,2.02
Branding_Podcast-Transcript_CR078-The-importance-of-culture-in-responding-to-change-with-Tony-McManus-Bloomberg.pdf,website_articles,0.45
Annik-Inc.pdf,website_articles,0.87
Organ-Ease.pdf,website_articles,0.28
KII_E09-Transcript.pdf,website_articles,0.6
Digital-core-for-insurance_180324_v2.pdf,website_articles,2.8
E-commerce-2.0_Outcome-based-personalized-shopping-with-GenerativeAI.pdf,website_articles,1.74
CRI_Softwarization_Infographic_Final-Draft_14112023.pdf,website_articles,1.45
Threekit-Factsheet-Updated-April-2023.pdf,website_articles,4.6
Tim-Ensor.pdf,website_articles,0.58
Jim-ONeill.pdf,website_articles,1.78
01_07_Capgemini_launches_a_dedicated_Quantum_Lab_and_announces_a_new_agreement_with_IBM-1.pdf,website_articles,0.12
Form_MGT_7_Annual-Return.pdf,website_articles,3.36
RET_vCMTS_POV.pdf,website_articles,0.69
A-roadmap-to-sustainable-AI_Public-Sector.pdf,website_articles,2.02
DECK-Tokenizacao-de-creditos-de-carbono-2024.pdf,website_articles,0.65
Automotive_Connected-Mobility_Infographic.pdf,website_articles,0.51
CRI_Sustainability-in-Automotive_18102022.pdf,website_articles,15.13
SAP-S4HANA-case-study-1.pdf,website_articles,1.14
Digital-Literacy-Mission.pdf,website_articles,3.32
Branding_Podcast-Transcript_CR087-Does-purpose-matter-with-Dave-Snowden.pdf,website_articles,0.39
Inclusive_Tech_WEB-1.pdf,website_articles,2.68
POV-TheFutureOfAutomotiveProcurement-CapgeminiInvent-AT.pdf,website_articles,16.9
Agentic_supply_chains___Dawn_of_a_new_trasformative_era.pdf,website_articles,0.0
become_a_shareholder.pdf,website_articles,0.18
Employee-Experience-Workspace-brochure-20221011.pdf,website_articles,0.94
RRSP01-The-state-of-Life-Sciences-pt-1-The-world-challenges-and-future-of-Life-Sciences-with-Thorsten-Rall-Capgemini.pdf,website_articles,0.54
Technical-Security-Services-–-Large-Accounts-1.pdf,website_articles,1.1
27th-AGM-September-25-2020-.pdf,website_articles,1.83
2000426CRI_Reindustrialization-_Interactive-1-1.pdf,website_articles,7.98
Final-Infographic-CFT8.pdf,website_articles,1.52
Sutainable-Aviation-the-journey-to-net-zero_June-23.pdf,website_articles,18.12
CRI_The-Eco-Digital-Era_V5.pdf,website_articles,14.71
Branding_Podcast-Transcript_CR106-Changing-nature-of-large-scale-apps-with-Timo-Elliott-SAP.pdf,website_articles,0.31
WEMO24-Article-06-The-need-for-a-Demand-Side-Energy-Transition.pdf,website_articles,3.53
Sector_PoVs-and-blogs_Gen-AI_Automotive.pdf,website_articles,1.57
2022-06-08_HEMA_client_story_V3.pdf,website_articles,1.33
RR009-Leading-in-the-Never-Normal-with-Peter-Hinssen.pdf,website_articles,4.4
Gen-Ai-and-Cybersecurity-POV-2024b.pdf,website_articles,2.18
Terms-and-conditions-for-appointment-of-Independent-Directors.pdf,website_articles,0.51
Family-offices_PoV_weblocked-1.pdf,website_articles,4.58
Capgemini_Presentation-France_2022-05-02.pdf,website_articles,2.05
Branding_Podcast-Transcript_Bonus-CRSP06-Big-Frontiers-of-the-Telecoms-Industry-Vivek-Badrinath-GSMA.pdf,website_articles,0.28
COI_German.pdf,website_articles,0.44
Advanced-Asset-Management_PoV.pdf,website_articles,1.26
Branding_Podcast-Transcript_CR076-Digitalising-Financial-services-with-Pranati-Dave-Everest-Group.pdf,website_articles,0.44
Capgemini_Top-Trends-2026_Infographic_Banking.pdf,website_articles,0.24
Infographic-Green-Core-with-SAP-Solutions.pdf,website_articles,0.71
Capgemini_FY_Q4_2025_infographics_ENG.pdf,website_articles,0.13
Alexandra-Palt-1.pdf,website_articles,2.37
KII_E06-Transcript.pdf,website_articles,0.8
CR-Brochure_V19_-Mar-15.pdf,website_articles,8.55
Fast-Forward-_Infographic-6.pdf,website_articles,1.05
TE-Connectivity-knowledge-hub-client-story-case-study.pdf,website_articles,2.27
Final-Web-Version-Engineering-Biology.pdf,website_articles,7.69
CRI_CMO_Playbook_Final-71223_WEB.pdf,website_articles,6.14
Final-Infographic-Supply-Chain.pdf,website_articles,0.72
Connected-Health_POV_Nov21_v2-21MAR2024.pdf,website_articles,3.18
Society-5-FInal-Webfile-V2.pdf,website_articles,28.9
Final-Infographic-Conversations-Edition-4.pdf,website_articles,1.07
Postal-Ballot-–-Notice-dated-August-02-2022.pdf,website_articles,1.62
Carbon_pricing_schemes_for_aviation.pdf,website_articles,0.0
Jared-Spataro.pdf,website_articles,2.5
Capgemini_We-Talk-supply-chain_Infographic.pdf,website_articles,0.87
CRI_world-in-balance-2024_13112024_web.pdf,website_articles,25.97
CRI-Fluid-workforce-1.pdf,website_articles,2.6
Capgemini_Automotive_SAP_Order-simulation-POV_Final_050724.pdf,website_articles,11.17
CRI_Software-in-automotive_final_050925.pdf,website_articles,13.04
RR008-Strategic-leapfrogging-in-a-disturbed-world-with-Andre-Loesekrug-Pietri-Head-of-JEDI.pdf,website_articles,4.46
KII_E18-MagnusMalmstrom-Transcript.pdf,website_articles,0.77
YuWaah.pdf,website_articles,0.66
CSR-Plan-FY-2025-26.pdf,website_articles,0.45
CRI_Customer-Service-Transformation_Infographic_V04.pdf,website_articles,1.51
Cybersecurity-Services-brochure-20210226.pdf,website_articles,0.89
ESO-client-story-case-study.pdf,website_articles,3.67
Sue-Duke.pdf,website_articles,2.95
Consumer-trends_Web_15072025.pdf,website_articles,11.17
CRI_Future-of-batteries_V12.pdf,website_articles,10.21
Accelerate-to-SAP-with-AutoPath.pdf,website_articles,0.27
Everest_Group_-_Artificial_Intelligence__AI__Services_PEAK_Matrix_Assessment_2023_-_Focus_on_Capgemini.pdf,website_articles,0.76
CERT-CAPGEMINI-RFC2350.pdf,website_articles,0.35
Infographic_CSSF-1.pdf,website_articles,1.04
Capgemini_-_2026-05-27_-_Capital_Markets_Day_2026.pdf,website_articles,0.19
AI-Agents_web_160226-1.pdf,website_articles,8.15
CFS_Brochure_04032024-1.pdf,website_articles,4.23
Agentic-AI-POV-2025b.pdf,website_articles,4.02
Kian-Seah.pdf,website_articles,1.04
Final-Infographic-Sustainability-Trends-2024.pdf,website_articles,0.39
KII_E04-Transcript.pdf,website_articles,0.89
Anglian-Water-Delivery-Model-Success-Story-1.pdf,website_articles,0.44
Eneco-eMobility-client-story-case-study-2.pdf,website_articles,0.3
The_Scale_Effect-AI-Industrial-Revolution.pdf,website_articles,0.0
Final-Infographic-B2B-Pulse.pdf,website_articles,0.44
Vincent-Charpiot.pdf,website_articles,1.12
S-JNL-VOL3.ISSUE3-2022-A47-PDF-E.pdf,website_articles,4.74
CPR_Customer-Centric_Grocery_Fulfillment_POV_Final.pdf,website_articles,1.14
Core-Banking-Modernization_Weblock-Version-Final.pdf,website_articles,2.29
FY_2025-ESG-Infographic_ENG.pdf,website_articles,0.14
BCM-Statement-2022.pdf,website_articles,0.14
Persado_Vanguard-Case-Study-01.21.22.pdf,website_articles,0.1
COI_Portuguese-for-Brazil.pdf,website_articles,0.41
Jakson-tekstiversio-Sellutehdasta-suurempi-tarina.pdf,website_articles,0.45
Capgemini_-_2026-02-13-_-2025_Annual_Results.pdf,website_articles,0.3
12_09_Capgemini_Top-tech-trends-to-watch-in-2026_PR.pdf,website_articles,0.15
Final-Infographic-Reindustrialization-Edition-2.pdf,website_articles,1.22
CORE-CR-Brochure-Sept-2025.pdf,website_articles,4.18
Postal-Ballot-–-Notice-dated-August-04-2020.pdf,website_articles,1.11
12-Creativity-and-Data.pdf,website_articles,1.09
World-Rugby-Case-Study-Global.pdf,website_articles,0.88
Automotive-CX_POV_Time-to-level-up_Capgemini-Invent-2.pdf,website_articles,2.59
Branding_Podcast-Transcript_CR102-Tattoos-Tech-and-Teams-what-ink-means-in-the-age-of-AI-with-Jitske-Kramer-Corporate-Anthropologist.pdf,website_articles,0.29
2021_02_11_-Capgemini-joins-the-WEF-Partnering-for-Racial-Justice-in-Business-initiative.pdf,website_articles,0.11
Branding_Podcast-Transcript_CR086-Christmas-special-Trends-2025-with-Gene-Kim-Guru.pdf,website_articles,0.34
CRI_Generative-AI-2nd-Edition_Infographic_V03.pdf,website_articles,1.59
140126CRI_Gen-AI-in-Lifesciences-_Final-interactive-1.pdf,website_articles,10.24
Silvio-Micali.pdf,website_articles,0.41
Capgemini_Digital_Entertainment_Exchange_Brochure.pdf,website_articles,2.21
ESP_08_01_Capgemini-announces-William-Rozes-departure-from-the-Group_REV_JG.pdf,website_articles,0.09
Vinisha-Umashankar-1.pdf,website_articles,3.17
HMRC-trade-statistics-client-story-case-study-1.pdf,website_articles,0.46
WPCIR_2026_2MB-Weblock-1.pdf,website_articles,2.93
WEMO24-Article-01-How-to-make-money-from-renewables.pdf,website_articles,3.16
PC-Insurance-case-study.pdf,website_articles,0.81
Branding_Podcast-Transcript_CR089-Culture-to-drive-change-with-Alex-Alves-Unilever.pdf,website_articles,0.3
MTU-Aero-Engines-client-story-case-study.pdf,website_articles,0.2
RR002-The-business-tech-divide-with-John-Koerwer-UGI-Corporation.pdf,website_articles,0.48
Brochure-Cyber-Experience-Center.pdf ,website_articles,0.17
Next-Gen-SOC-Services.pdf,website_articles,1.0
Thierry-Baril.pdf,website_articles,0.53
Final-Infographic-Consumer-Trends-1.pdf,website_articles,0.61
Everest-Group-Net-Zero-Consulting-Services-PEAK-Matrix-Assessment-2025-Focus-on-Capgemini.pdf,website_articles,0.45
Data-Sharing-Caring-Take-Care.pdf,website_articles,0.18
Final-Infographic-Sustainbility-Trends-2025.pdf,website_articles,2.28
Anudip-Foundation-LEAP-Digital-Academy-Program.pdf,website_articles,0.53
Postal-Ballot-–-Notice-dated-August-04-2021.pdf,website_articles,6.92
ibm-infographics_V02.pdf,website_articles,0.18
SCLM-brochure.pdf,website_articles,0.53
Everest-Group-IAM-Services-PEAK-Matrix-Assessment-2025-Focus-on-Capgemini.pdf,website_articles,0.57
Circular-Economy_11112021_v10_web-2.pdf,website_articles,6.38
CFT-10_The-CEO-Corner.pdf,website_articles,1.72
Ascendance-client-story-case-story.pdf,website_articles,0.42
Capgemini-Client-story-_Media-co.-case-study-of-user-experience-transformation.pdf,website_articles,0.27
CRI_World-in-balance-1.pdf,website_articles,11.78
Ferrovial-case-study.pdf,website_articles,0.8
KII_E11-PernillaJonsson-Transcript.pdf,website_articles,0.79
AD_POV_20230324_V05.pdf,website_articles,4.55
Branding_Podcast-Transcript_CR103-Cloud-on-the-rocks-AAA-Transformation-into-a-product-driven-enterprise.pdf,website_articles,0.3
POV-Tokenizacao-de-creditos-de-carbono-2024.pdf,website_articles,0.63
Zelros-Factsheet-Updated-April-2023.pdf,website_articles,8.75
BMW-supply-chain-transformation-case-study.pdf,website_articles,0.67
Engineering-the-Next-POV-Overview-2024.pdf,website_articles,1.88
Executive-Summary.pdf,website_articles,0.61
End-to-end-Critical-Software-Engineering_Brochure_vf.pdf,website_articles,1.81
Capgemini_Top-Trends-2026_Banking-1.pdf,website_articles,2.84
Touchless-Claims-for-Property-and-Casulty-Insurance.pdf,website_articles,0.42
Red-Eléctrica-case-study.pdf,website_articles,1.41
Notice-to-Equity-Shareholders-of-Capgemini.pdf,website_articles,10.05
Solcen-Technologies-Private-Limited.pdf,website_articles,8.07
Imperial-War-Museums-client-story-case-study.pdf,website_articles,1.36
BM-24-HC-SC.pdf?_gl=1*1n8gb7r*_gcl_au*MTcxMDUxMTcyNy4xNzMxNDcxOTE0*_ga*NDUzNzkzMTgzLjE3MzE0NzE5MTQ.*_ga_RL51ZDWRGH*MTczMTQ3MTkxMy4xLjEuMTczMTQ3MTk0Ny4yNi4wLjA.,website_articles,6.04
Technical-Security-Services.pdf,website_articles,1.07
Postal-Ballot-Notice-dated-April-26-2023.pdf,website_articles,1.22
Prof.-Susan-Hockfield.pdf,website_articles,2.07
Frances-Arnold-1.pdf,website_articles,3.07
2023-Aero-SAF-POV.pdf,website_articles,1.91
Next-generation-digital-continuity_Brochure_vf.pdf,website_articles,0.82
AD-Supply-Chain-v8.pdf,website_articles,27.49
KII_E03-Transcript.pdf,website_articles,0.98
t%20%22_blank,website_articles,0.0
Final-Infographic-Connected-Products.pdf,website_articles,1.19
Automotive_Supply_Chain_POV_07.2024.pdf,website_articles,3.14
Arielle-Kouyoumdjian-1.pdf,website_articles,3.13
RR012-How-Open-Source-is-powering-AI-with-Richard-Harmond-Red-Hat-Realities-Remixed-Transcript.pdf,website_articles,0.47
Time-for-Profit-Next-Level-Retail-.pdf,website_articles,4.17
Nos-engagements-societaux-Complet.pdf,website_articles,4.2
Revolutionizing_Healthcare-payer_digital_transformation_success_web-locked.pdf,website_articles,3.1
Next-Gen-SOC-MDR-Services.pdf,website_articles,0.96
PC-POV-1.pdf,website_articles,5.47
11_04_Orano-Capgemini-AI-Robotics-Lab-story.pdf,website_articles,0.12
Remi-Lugagne-Delpon-2.pdf,website_articles,0.55
Rethinking-Rail_Capgemini-PoV_2025.pdf,website_articles,18.53
Circular-Economy_11112021_v10_web-2-1.pdf,website_articles,6.39
Transitioning-to-Sustainable-Mobility_APRIL-23.pdf,website_articles,4.85
PR-PORT_Google-Cloud-AI-Enterprise-Hub-23Abr2026.docx.pdf,website_articles,0.24
Unlocking-Facial_Recognition_Technology-in-Healthcare.pdf,website_articles,0.76
Branding_Podcast-Transcript_CR115-For-the-love-of-data-with-Indhira-Mani-RSA-Insurance.pdf,website_articles,0.45
Raport_Biznes_i_prawa_czlowieka.pdf,website_articles,15.3
AutomotiveSuppliers_Driving-the-agenda-for-the-connected-economy_V2.pdf,website_articles,0.6
Infographic-_CRI_World-in-balance_211123.pdf,website_articles,0.72
2019_11_05_Capgemini_WEMO.pdf,website_articles,0.15
Jakson-tekstiversio-On-Pulse-goes-Google-Cloud-AI-Day-Helsinki.pdf,website_articles,0.35
Connected-Mobility_PoV.pdf,website_articles,6.39
CyberInsurance_Brochure_20210429.pdf,website_articles,0.53
08_Carrie-Berk.pdf,website_articles,0.29
Capgemini-for-Copilot-Agents-Battle-card.pdf,website_articles,1.88
Branding_Podcast-Transcript_CR082-Surviving-Migration-in-the-Age-of-AI-with-Petra-Molnar-Harvard-Faculty-Associate.pdf,website_articles,0.28
Presentation-2025-de-Capgemini-en-France.pdf,website_articles,6.02
CR091-Sovereign-AI-with-Chris-Stokel-Walker-Journalist-and-author.pdf,website_articles,0.3
Scottish-Water-SWIFT-case-study.pdf,website_articles,1.98
Capgemini_CGF_White_paper_Turning-Waste-Into-Value-1.pdf,website_articles,3.39
KII_E14-HitachiEnergy-Transcript.pdf,website_articles,0.74
PoV_Invent_Digitale_Barrierefreiheit.pdf,website_articles,7.66
Digital-Core-for-Life-Sciences-brochure-090522.pdf,website_articles,7.05
27th-Feb-2026_Agentic-AI_-POV_V1.pdf,website_articles,0.81
The-data-powered-enterprise-Infographic-4.pdf,website_articles,1.18
Data-driven-Workflows-in-Maintenance.pdf,website_articles,6.04
Tech-in-Sports_Infographic_Final2.pdf,website_articles,0.55
WWR-2022.pdf,website_articles,6.71
Data-powered_Innovation_Review_Wave_11.pdf,website_articles,5.47
Guia-para-la-proteccion-de-derechos-CO.pdf,website_articles,0.15
Capgemini_Q12025_infographics_ENG.pdf,website_articles,0.12
WBIssueBrief-OlderWomenAndUnpaidCaregiving.pdf,website_articles,2.17
2025_12_08_Capgemini-_Leader_in_Gartner_Custom-Software-Development-Services.pdf,website_articles,0.11
Reinventing-Work-Brochure-2026.pdf,website_articles,7.5
pKYC-Sandbox-Weblocked-1.pdf,website_articles,0.87
Branding_Podcast-Transcript_CR108-Season-5-Trailer-The-future-just-dropped.pdf,website_articles,0.21
Sustainability-FutureProofingInnovation-Automotive-POV.pdf,website_articles,3.87
RCC_POV_Brochure-Final-jy.pdf,website_articles,1.66
Brochura-MUDUM-.pdf,website_articles,0.85
Intelligent-banks_PoV_FINAL.pdf,website_articles,4.31
19_1001_CI_ING-Success-Story_Monika-Hopf_ver2_16-10-19.pdf,website_articles,0.95
Ficha-de-Projeto_phronesis_capgemini.pdf,website_articles,0.18
02072025-CFT10-Olaf-Groth.pdf,website_articles,1.35
Aricent-advertisement-Navshakti.pdf,website_articles,1.22
Capgemini-Polska-Informacja-o-realizowanej-strategii-podatkowej-za-rok-2021.pdf,website_articles,0.17
Jakson-tekstiversio-Muutoksen-mittakaava-mita-on-odotettavissa-On-Pulsen-2.-kaudella.pdf,website_articles,0.52
Everest_Group_-_Life_Sciences_Digital_Services_Matrix_Assessment_2025_-_Focus_on_Capgemini.pdf,website_articles,0.44
CFT10_Gilles_Moreau_30052025.pdf,website_articles,0.91
Industrial-Metaverse-Playbook_17-04-2025_RGB.pdf,website_articles,9.88
Postal-Ballot-Notice-dated-October-13-2025.pdf,website_articles,0.78
31st-AGM-–-September-26-2024.pdf,website_articles,0.84
OCAP-client-story.pdf,website_articles,2.34
Criteria-for-making-payment-to-Independent-Directors.pdf,website_articles,0.31
CRI_AI-and-gen-AI-in-cybersecurity_15112024.pdf,website_articles,7.88
Father-Paolo-Benanti.pdf,website_articles,0.51
Jakson-tekstiversio-AI-ajan-muutosjohtaminen-missa-suomalaisilla-yrityksilla-on-viela-opittavaa.pdf,website_articles,0.32
Capgemini-Digital-Core-for-Automotive_POV_20220124.pdf,website_articles,10.06
Advertisement_Loksatta.pdf,website_articles,0.62
Synergy2.pdf,website_articles,0.2
CSR-Plan-FY-2021-22.pdf,website_articles,0.4
WPCIR_2026_2mb-weblock.pdf,website_articles,2.06
Heads_up_success_story_design_uk.pdf,website_articles,0.92
Telco_CG-MS_Agentic-AI-solution-brochure_07.11.pdf,website_articles,1.27
Stijn-Broecke_Veerle-Miranda.pdf,website_articles,1.04
Daimler-Truck-IT-Carve-Out-Final.pdf,website_articles,1.13
GenAI-in-ESM-Brochure.pdf,website_articles,3.79
Auto_Commercial-Vehicle_PoV_20240904_V04.pdf,website_articles,2.45
Capgemini-Data-powered-Operations-Transformation.pdf,website_articles,2.86
Gitanjali-Rao.pdf,website_articles,0.5
Final-Infographic-New-Energy-Business-1.pdf,website_articles,0.86
Capgemini-Switzerland-Brochure-2023-Size-A5-14-10-24-web.pdf,website_articles,3.63
Capgemini-Polska-Informacja-o-realizowanej-strategii-podatkowej-za-rok-2020.pdf,website_articles,0.1
Insurance-brokerage-firm-client-story-case-study.pdf,website_articles,0.54
Stijn-Broecke.pdf,website_articles,2.15
Sir-Christopher-Pissarides.pdf,website_articles,1.1
LOW-CARBON-HYDROGEN-A-PATH-TO-A-GREENER-FUTURE_V03.pdf,website_articles,5.7
AI4HealthyAging-client-story-case-study.pdf,website_articles,1.95
Capgemini-Oracle-Partnership-eBook.pdf,website_articles,3.86
CDC-Brochure.pdf,website_articles,0.69
Notice-to-Equity-Shareholders-of-Aricent.pdf,website_articles,10.07
Google_Cloud-Capgemini-CES-BROCHURE.pdf,website_articles,1.39
30062025-Digital-AI-in-Business-Operation-CRI_V6.pdf,website_articles,7.97
Innovation-Nation-magazine-Summer-2022-edition-Business-Operations-v4-1.pdf,website_articles,20.25
temperature-overshoots_ar6.pdf,website_articles,0.0
Sustainable-HighTech-POV.pdf,website_articles,0.56
Everest-Group-5G-Engineering-Services-PEAK-Matrix-Assessment-2025-Focus-on-Capgemini.pdf,website_articles,0.54
Volkswagen-Group-CARIA-client-story-case-study.pdf,website_articles,1.86
CRI_Biosolutions_23082024_interactive.pdf,website_articles,7.68
CFT-10_Dr.-Walter-Sun.pdf,website_articles,1.74
2026_02_27_Capgemini_Deutsche-Telekom_Open-Platform-for-Intelligent-RAN-Automation-1.pdf,website_articles,0.11
2100426CRI_Reindustrialization-_Interactive.pdf,website_articles,7.98
270126CRI_Gen-AI-in-Lifesciences-_Final-interactive.pdf,website_articles,10.24
Africa-Power-Transition-Factbook-2024.pdf,website_articles,1.02
AI_Powered_Integration-and-Business-APIs.pdf,website_articles,0.24
Ficha-de-Projecto_phronesis_FSE.pdf,website_articles,0.19
Strategic-Security-Services-–-Large-Accounts.pdf,website_articles,1.08
UK-Police-Force-client-story-case-study.pdf,website_articles,0.87
TELCO_SUSTAINABILITY_PoV_V8.pdf,website_articles,3.68
Auto_Software-Defined-Vehicles_CV_POV_New_VI.pdf,website_articles,2.2
Hellmann-Microsoft_Dynamics-365_client-story.pdf,website_articles,1.06
Capgemini-Binding-Corporate-Rules.pdf,website_articles,1.15
D35709-2023-CCA_POV_D7.pdf,website_articles,8.57
WPCIR_2026-Infographic.pdf,website_articles,2.97
Syngenta_reimagines-its-HR-for-an-enhanced-employee-experience.pdf,website_articles,2.36
WEMO24-Article-03-The-Business-Case-for-Batteries-needs-to-be-clearer.pdf,website_articles,3.24
Cloud_Consumption_On-Demand_Brochure.pdf,website_articles,1.29
Postal-Ballot-–-Notice-dated-September-24-2019.pdf,website_articles,0.67
MES_Life-science-POV_Sept-2025.pdf,website_articles,6.0
D031-01-2024-Group-CSR-January-2024_V5.2-1.pdf,website_articles,2.94
Amy-Webb_Andrew-Hessel.pdf,website_articles,0.64
Maximizing-revenue-with-an-advertising-sales-transformation-v1.pdf,website_articles,0.94
Karin-Svensson-1.pdf,website_articles,2.09
PoV-Digital-Continuity-in-Aerospace.pdf,website_articles,6.42
Mastering-the-Process-Advantage-Celonis_Booklet.pdf,website_articles,3.39
2023_06_21_Capgemini_AWS_technology_platform_to-improve_the_lifespan_of_aircraft_parts.pdf,website_articles,0.18
Evoting-and-Joining-Meeting-Instructions.pdf,website_articles,0.35
The-future-of-learning-is-immersive_October-2023.pdf,website_articles,4.65
Liquidhub-Pte.-Ltd.pdf,website_articles,0.87
Third-party-risk-management.pdf,website_articles,3.17
250310_Privacy-Notice_SpeakUp_Spain_ENG.pdf,website_articles,0.33
Annik-Inc-Financials-Mar-23.pdf,website_articles,0.69
KII_E05-Transcript.pdf,website_articles,0.88
KII_E10-Transcript.pdf,website_articles,0.81
Josh-Bersin.pdf,website_articles,2.38
Conversation-Edition-7_Infographic.pdf,website_articles,3.94
CONNECTED-COMMERCE-FRAMEWORK.pdf,website_articles,0.78
Branding_Podcast-Transcript_CR092-Get-the-people-right-and-tech-follow-Amy-Williams-Barclays.pdf,website_articles,0.3
Sustainable-Banking.pdf,website_articles,3.23
Masakazu-Osawa.pdf,website_articles,0.51
Deutsche-Telekom-fiber-optic-rollout-client-client-story-case-study.pdf,website_articles,2.0
Public-services-provider-case-study.pdf,website_articles,0.31
Dr.-Tarika-Barrett.pdf,website_articles,1.28
1er-2eme-Trimestre2025_Barometre-energies-vertes.pdf,website_articles,0.96
NP-IA-fisica.pdf,website_articles,0.16
Conversations_Edition_5_Elisa-Farri_Gabriele-Rosani.pdf,website_articles,0.52
CRI_Green-Hydrogen_Infographic_v2.1.pdf,website_articles,0.63
CRI_Digital-continuity-AD_WEB_FINAL_13062025.pdf,website_articles,13.92
CSR-Plan-FY-2023-24.pdf,website_articles,3.36
09_12_Capgemini-press-release_Ryder-Cup-2025_Outcome-IQ_EN.pdf,press_releases,0.18
01_15-Capgemini-AI-perspectives-and-AI-in-CXO-decision-making-press-release-ENG.pdf,press_releases,0.16
Capgemini-advertisement-Financial-Express.pdf,press_releases,0.92
Final-Joint_Press-Release_-Capgemini-x-AUC_15MAY25-ENG_vFinal.pdf,press_releases,0.21
2025_09_09_Capgemini-News-Alert_IDC-Marketscape-Worldwide-IT-and-Engineering-Services-for-Software-Defined-Vehicles-2025-4.pdf,press_releases,0.14
ESP_Capgemini_OpenAI_DeploymentCo_News_Alert.pdf,press_releases,0.11
2026_03_05_McDonalds_Capgemini_Press-Release_FR.pdf,press_releases,0.14
03_06_Capgemini-Press-Release_-HMRC.pdf,press_releases,0.18
02_23_Capgemini-News-Alert_OpenAI-Frontier-Alliance.pdf,press_releases,0.13
2025_05_16_Youth-perspectives-on-climate_Press-Release_ENG_vFinal.pdf,press_releases,0.46
CRI_Gen-AI-in-Mgmt_Final_web-compressed-2.pdf,press_releases,1.95
2026_05_05_Capgemini-Press-Release_WPCIR.pdf,press_releases,0.17
06_03_Capgemini-news-alert_Syniti-and-Syensqo-client-win.pdf,press_releases,0.11
02_06_Capgemini-News-Alert_Google-Cloud-sovereign-solutions-1.pdf,press_releases,0.11
Capgemini_news_alert_Google_Cloud_AI_Enterprise_Hub.pdf,press_releases,0.13
12_14_Capgemini-News-Alert_AWS-Awards.pdf,press_releases,0.17
2025-01-15_News_Alert_Capgemini_Instituto-Telecomunicacoes_Quantum-2.pdf,press_releases,0.11
Maxeda-case-study.pdf,press_releases,0.61
Advertisement-Indian-Express.pdf,press_releases,0.16
05_26_Capgemini-News-Alert_SAP-Mistral-AI-collaboration-1.pdf,press_releases,0.13
03_06_Capgemini-Joint-press-release_HMRC.pdf,press_releases,0.2
ESP_01_07_Tech-in-sports-2025-news-alert_REV_JG.pdf,press_releases,0.13
04_23_Capgemini-news-alert_Google-Cloud-AI-Enterprise-Hub.pdf,press_releases,0.14
04_09_Capgemini-News-Alert_Google-Cloud-Agentic-AI.pdf,press_releases,0.12
TokyoPride2026Map.pdf,press_releases,7.15
2023_02_23_EQUALITY_project-start_press-release.pdf,press_releases,0.21
02_11_Capgemini-News-Alert_Microsoft-Sovereign-Cloud.pdf,press_releases,0.14
19_03_Capgemini-NVIDIA-Agentic-AI-news-alert.pdf,press_releases,0.11
02_09_Capgemini-News-Alert_AWS-Sovereign-Cloud.pdf,press_releases,0.16
2023_03_27_Local-Romania-Press-release_IPSO_Capgemini.pdf,press_releases,0.16
2022_11_28_Carrefour_collaborates-with-Capgemini_-to-become-a-Digital-Retail-Company_Press-Release.pdf,press_releases,0.11
03_05_McDonalds_Capgemini_Press-Release.pdf,press_releases,0.12
05_05_WPCIR-Press-Release_-FINAL-DE.pdf,press_releases,0.23
2026-03_06_Capgemini-Press-Release_HMRC.pdf,press_releases,0.18
Indian-Express.pdf,press_releases,0.23
Presseinfo_Studie_Physical-AI.pdf,press_releases,0.22
04_09_Capgemini-News-Alert_Google-Cloud-awards.pdf,press_releases,0.12
WEMO24-Outlook-and-Articles_compressed.pdf,press_releases,5.62
Advertisement_Indian-Express.pdf,press_releases,0.27
Final-Report-Converstations-for-Tomorrow-3.pdf,reports,12.75
Capgemini-2022-footprint-report.pdf,reports,8.3
ES-Report-25th-July-2023.pdf,reports,10.42
CRI_Physical-AI-Report-8th-draft-web-version.pdf,reports,9.68
22Oct2024-Conversations-for-tomorrow_Edition_9_Report-V1.pdf,reports,11.38
Investment-Trends-Report.pdf,reports,4.36
Hellmann-Worldwide-Logistics-client-story-case-study.pdf,reports,2.75
prior-authorization-survey.pdf,reports,0.27
TV2026-FS-report_web-Mar-13.pdf,reports,13.99
CRI_UNICEF-Report_V8.pdf,reports,14.93
WCR_2025_Final.pdf_web.pdf,reports,1.46
Data-powered-enterprise-report-1.pdf,reports,5.16
Life-Sciences-Digital-Services-QuadRpt-Customize-Full-length-Global-2024-06-24-Final.pdf,reports,1.88
CRI-Report-CX-in-Automotive-Joining-the-race_Final_150725.pdf,reports,6.2
Consumer-trends-08012025.pdf,reports,12.31
2023-himss-cybersecurity-survey-x.pdf,reports,0.01
Research-Brief-Sustainability-Business-Value-final-draft.pdf,reports,5.54
Top-Tech-Trends-2025_Report.pdf,reports,10.53
Capgemini-Research-Institute_Sustainable-Operations_Infographic.pdf,reports,0.22
5-years-on-the-road-to-net-zero.pdf,reports,3.36
Scott-Belsky-24Oct2024-Conversations-for-tomorrow_Edition_9_Report.pdf,reports,0.74
CRI_Climate-Tech_Report_Web-2.pdf,reports,13.6
Final-Web-Version-Report-Semiconductors.pdf,reports,8.39
CRI-Consumer-Trends-Report-Summary-2025.pdf,reports,1.39
Capgemini_Top_Tech_Trends_Report_2026.pdf,reports,4.1
Net-zero-Review-2020-2021-July-2021-Compressed-and-Linked-v210.pdf,reports,2.9
2026_04_20_Capgemini_Reindustrialization-of-Europe-and-the-US-report_3e-edition_press-release.pdf,reports,0.15
GENERATIVE-AI-FOR-MANAGEMENT-23Oct2024-Conversations-for-tomorrow_Edition_9_Report.pdf,reports,0.64
WCR_2026_Final-2MB-version.pdf,reports,1.41
Final-Web-Version-Report-Harnessing-the-Value-of-Gen-AI.1.pdf,reports,5.42
CRI-research-brief-Harnessing-the-value-of-AI-AD_Updated.pdf,reports,5.52
CRI_Physical-AI-Report-web-version.pdf,reports,9.64
Aricent_-Scrutinizer-Report-for-shareholders-meeting.pdf,reports,2.58
Data-powered-enterprise_Digital_Report-4.pdf,reports,5.07
Group-Reporting-solution-brochure-Oct-2020-1.pdf,reports,0.26
Final-Web-Version-Report-Sustainable-Gen-AI-2.pdf,reports,5.56
Final-Web-Version-Report-Gen-AI-in-Organization-Refresh.pdf,reports,5.08
Capgemini-2025-Integrated-Annual-Report_08415c.pdf,reports,19.88
Capgemini-UK-CRS-Report-2022-23.pdf,reports,8.07
TV25-Report_Web-version.pdf,reports,9.53
Q3_2025_Smart_Meter_Stats_Report.pdf,reports,0.64
Davos_Investment-trends-Report.pdf,reports,4.6
Capgemini_-Scrutinizer-Report-for-shareholders-meeting.pdf,reports,1.84
2024-index-report.pdf,reports,1.26
Annual-Report-2024-25.pdf,reports,3.17
20200216-VC-WeFi-Research-Snapshot-Copy.pdf,reports,1.25
CRI_PQC_Research-draft_4th-draft_10072025.pdf,reports,8.39
Aricent-Chairman-Report.pdf,reports,15.81
WWR-2023_web.pdf,reports,3.16
CRI_PQC_Research-draft_5th-draft_15072025_Web.pdf,reports,8.43
CRI-research-brief-Tech-in-Sports-8th-draft.pdf,reports,6.73
CRI_Physical-AI-Report-Final-web-version.pdf,reports,9.64
WLIR_2025_Final_version._2_MB__1_.pdf,reports,0.0
CRI_Cloud-Research-Report-Final-web-180725.pdf,reports,7.16
GENERATIVE-AI-THE-ART-OF-THE-POSSIBLE-23Oct2024-Conversations-for-tomorrow_Edition_9_Report.pdf,reports,0.47
Summary_Report_A-new-CMO-Playbook.pdf,reports,0.77
2026-05-26-STUDIE-World-Wealth-Report-2026-1.pdf,reports,1.95
Andrew-Ng-23Oct2024-Conversations-for-tomorrow_Edition_9_Report.pdf,reports,0.6
Future-of-Energy.pdf,reports,1.62
Final-Web-Version-Report-CFT8.pdf,reports,12.87
Capgemini-Transforming-Sports.pdf,reports,2.52
World-Payments-Report_2021_Web.pdf,reports,7.36
Final-Web-Version-Research-Brief-AI-Perspectives.pdf,reports,9.02
Capgemini_-Scrutinizer-Report-for-unsecured-creditors-meeting.pdf,reports,1.79
WCRFS_2023_web.pdf,reports,3.49
People-Experience-Research_Report_web.pdf,reports,3.97
People-Experience-Research_Infographic.pdf,reports,0.44
WLHIR_2022.pdf,reports,2.66
WRBR_Final_25_weblock-version-1.pdf,reports,2.01
ESP_Capgemini_World-Property-Casualty-Insurance-Report_2026_-comunicado-de-prensa.pdf,reports,0.17
Conversations_Edition_7_Report_1705202.pdf,reports,27.06
Capgemini-Research-Institute_DigitalTwins_Infographic.pdf,reports,8.41
CRI-research-brief-Tariff_V12_B.pdf,reports,6.51
Conversations_Edition_6_Report_20230112.pdf,reports,14.82
2025_04_02_Capgemini-News-Alert_-Forrester-Wave_Application-Modernization-and-Multicloud-Managed-Services-2.pdf,reports,0.11
CRI_Intelligent_supplyChain_Report_Webb-1.pdf,reports,6.33
WWR_2024_web.pdf,reports,1.87
WWR_2025.pdf,reports,2.24
Final-Infographic-Eco-Digital-Era.pdf,reports,0.45
Final-Web-Version-Report-Digital-Twins-in-AD.pdf,reports,13.24
06_04_PM-WWR-final-DE-final.pdf,reports,0.15
Capgemini-Research-Institute-report_Data-foundations-for-government_From-AI-ambition-to-execution-3.pdf,reports,5.75
Final-Web-Version-Report-Consumer-Trends.pdf,reports,4.63
Capgemini-2024-Integrated-Annual-Report.pdf,reports,15.14
Capgemini-Research-Institute-report_Data-foundations-for-government_From-AI-ambition-to-execution-2.pdf,reports,5.76
Sustainable-IT_Report-2.pdf,reports,6.87
Final-Web-Version-Report-AI-Powered-CX.pdf,reports,6.1
Aricent_-Scrutinizer-Report-for-unsecured-creditors-meeting.pdf,reports,2.61
FINAL_CRI_CX_Transformation_Report_Infographic_2026.pdf,reports,0.0
Capgemini-Research-Institute_Sustainable-Operations_Web.pdf,reports,2.59
Final-Web-Report-Scaling-Innovation.pdf,reports,2.68
ESP_07_10_Capgemini_Post-Quantum-Cryptography-Report_News-Alert_REV_JG.pdf,reports,0.12
Conversations_Edition_5_Report_20240425.pdf,reports,10.45
Enhancing-life-sciences-research-with-genAI-Capgemini-POV-GenAI.pdf,reports,0.73
Final-Web-Version-Research-Brief-Sustainable-Business-Value.pdf,reports,7.36
Environmental-Sustainability_Report-2021-FINAL-November.pdf,reports,4.3
Final-Web-Version-Report-Tech-In-Sports_V3.pdf,reports,6.6
eGovernmentBenchmark-2025-Insight-Report.pdf,reports,7.88
20220607_ITSM-Survey_final_AC.pdf,reports,5.41
Erik-Brynjolfsson-23Oct2024-Conversations-for-tomorrow_Edition_9_Report.pdf,reports,0.64
EnvironmentalSustainabilityReport-Final1-27th-July.pdf,reports,11.21
Future-of-Healthcare.pdf,reports,1.13
OPERATIONAL-AI-IS-CHANGING-HOW-WE-LOOK-AT-DATA-23Oct2024-Conversations-for-tomorrow_Edition_9_Report.pdf,reports,0.49
CEO-18Oct2024-Conversations-for-tomorrow_Edition_9_Report-V2.pdf,reports,2.04
Annual-Report-2020-21.pdf,reports,2.64
9.-eGovernment-Benchmark-2024-Method-Paper-2019-2024.pdf,reports,10.55
Chema-Alonso-23Oct2024-Conversations-for-tomorrow_Edition_9_Report.pdf,reports,0.8
Digital-191226-CRI-AI-research-brief-Davos.pdf,reports,6.88
Dragos╠o-Tudorache-23Oct2024-Conversations-for-tomorrow_Edition_9_Report.pdf ,reports,0.61
World-Wealth-Report_2021_10-06_Web.pdf,reports,3.33
Final-Web-Version-Report-Reindustrialization-Edition-2.pdf,reports,7.7
Infographic_Future-of-Batteries_V06.pdf,reports,1.41
Final-Web-Version-Report-CMO-Playbook.pdf,reports,7.34
Capgemini-UK-CRS-Report-2021-22.pdf,reports,8.51
2023-Aero-SAF-Report.pdf,reports,11.32
06_04_Capgemini-Press-release_World-Wealth-Report-2026.pdf,reports,0.16
Capgemini-Chairman-Report.pdf,reports,7.31
Audrey-Plonk-23Oct2024-Conversations-for-tomorrow_Edition_9_Report.pdf,reports,0.93
2022_05_05_Capgemini_University-of-Oxford-research-project.pdf,reports,0.14
CEO-Corner_14-05-2026_Conversations-for-tomorrow_Edition_11_Report_V5.pdf,reports,3.21
Final-report-CRI_Supply-Chain-in-CPR-WEB_151123.pdf,reports,8.11
CRI_Supply-Chain-in-Automotive_04092023_Final-Draft_Web.pdf,reports,4.79
Capgemini-UK-CRS-Report-2023-24.pdf,reports,4.45
Scaling-Innovation_Report.pdf,reports,2.67
Future-of-Sustainability.pdf,reports,2.39
BR-for-Capgemini-CTC_Report.pdf,reports,1.0
CRI_Data-Net-Zero_Report_Report_15052024.pdf,reports,7.42
Final-Web-Version-Research-Brief-Gen-AI-in-Decision-Making.pdf,reports,6.85
Future-of-Manufacturing.pdf,reports,2.51
Capgemini-Microsoft-Cloud-Security-Solution-report.pdf,reports,0.59
07_16_Capgemini-Press-Release_AI-Agents-CRI-report_EN-1.pdf,reports,0.15
Final-Web-Version-Report-Consumer-Trends-2026.pdf,reports,5.54
Final-Web-Version-Report-AI-in-Business-Operations.pdf,reports,26.68
Final-Gen-AI-in-Consumers-Research-Brief.pdf,reports,5.38
Capgemini_WEMO-2023-report_Energy-Transition-and-Utilities.pdf,reports,26.26
04_16_Physical-AI-CRI-report-press-release-ENG.pdf,reports,0.17
WPR_2026_4e6d5a.pdf,reports,2.38
Excerpt-Capgemini-HFS-Horizons-high-tech-services.pdf,reports,6.48
CRI_Connected-Health_17062024_Final-File_Web.pdf,reports,4.96
WCIBR_2026.pdf,reports,2.21
Capgemini-Research-Institute_DigitalTwins_Web.pdf,reports,12.82
2023_01_25_Capgemini_Georgia-Tech_research-collaboration.pdf,reports,0.13
Final-Web-Version-Report-AI-Agents.pdf,reports,7.25
Intelligent-Products-Services-Report.pdf,reports,12.0
2025_11_06_Capgemini-_Leader_in_Forrester_Connected-Product-Engineering-Services_.pdf,reports,0.14
WPR-2022.pdf,reports,2.71
Capgemini-Data-Security-with-Microsoft-Purview-report.pdf,reports,1.32
CAPGEMINI_ERD-Pulse-Report-2026_sm.pdf,reports,20.03
Clara-Shih-23Oct2024-Conversations-for-tomorrow_Edition_9_Report.pdf,reports,0.61
Final-Web-version-Report-Gen-AI-in-Organizations.pdf,reports,15.2
Capgemini-Annual-Report-2022-23_Final.pdf,reports,2.13
Capgemini-Core-Banking-NEAT-report-April25.pdf,reports,0.38
CRI_Softwarization_Report_20112023.pdf,reports,7.46
Low-resolution-25Oct2024-Conversations-for-tomorrow_Edition_9_Report-V2-1.pdf,reports,7.87
Capgemini-Research-Institute_Conversations-for-Tomorrow-Edition-2-Infographic_Final.pdf,reports,3.61
AI-powered-Cybersecurity-for-Telecom-report.pdf,reports,3.39
Unleashing-New-Waves-of-Value_Final-Report-POV.pdf,reports,11.61
Final-Infographic-Connected-Health.pdf,reports,1.89
Capgemini-Research-Institute_Conversations-for-Tomorrow-Edition-2_Final.pdf,reports,4.88
BR-for-Aricent-CTC_Report.pdf,reports,0.18
CRI_Data-powered-enterprises_22082024-V1.pdf,reports,7.98
Final-Web-Version-Report-Connected-Products.pdf,reports,4.28
Capgemini-UK-CRS-Report-2024-25-v1.pdf,reports,8.14
2022_04_14_News-Alert_University-Program_MIT_FINAL.pdf,reports,0.15
Mariya-Gabriel-1.pdf,reports,0.43
06_05_World-Wealth-Report-2026-Press-Release_ITA.pdf,reports,0.18
Excerpt-Capgemini-HZ-insurance-services.pdf,reports,1.31
ES-Report-25th-July-i-2023.pdf,reports,11.88
Norwegian-Offshore-Directorate-emissions-client-story-case-study.pdf,reports,0.38
Annual-Report-2019-20.pdf,reports,1.73
Final-Web-Report-New-Leadership-Skills.pdf,reports,3.55
bus-evaluation-2024-interim-report.pdf,reports,0.51
2026-04-20-PR-CRI-Report-Reindustrialisation.pdf,reports,0.15
Future-of-Connectivity.pdf,reports,0.91
06_04_Capgemini-Press-release_World-Wealth-Report-2026_FR.pdf,reports,0.21
Research-brief_From-hype-to-habit.pdf,reports,5.35
CRI_Tech-in-sports_Report_Final_Web-version2.pdf,reports,5.4
Ricardo-Guerra-23Oct2024-Conversations-for-tomorrow_Edition_9_Report.pdf,reports,0.72
Final-Web-Version-Report-Gen-AI-in-Lifesciences.pdf,reports,10.24
ACO_Qual-Assess_FullReport_Final_0.pdf,reports,0.48
Final-Web-Version-Report-Investment-Trends-2024.pdf,reports,6.64
the-cs-gender-3000-in-2019.pdf,reports,0.08
2023-Report-published-in-July-2024.pdf,reports,6.11
Annual-Report-2023-24.pdf,reports,2.42
Final-Web-Version-Report-Lab-of-the-Future.pdf,reports,13.51
Top-Tech-Trends-2025_Report_v7.pdf,reports,10.6
Final-Web-Version-Report-Cloud.pdf,reports,7.15
Final-Web-Version-Report-B2B-Pulse.pdf,reports,9.11
CRI_Sustainability_Transformation_Report.pdf,reports,15.0
250506_ESG-report_Capgemini_Vfinal.pdf,reports,7.05
20260420__Physical-AI-CRI-Report.pdf,reports,0.17
v0.1_State_of_AI_in_Business_2025_Report.pdf,reports,0.0
Leading-international-banking-group-client-story-case-study.pdf,reports,1.81
2025_Davos_Investment-trends-CRI-Report_Final2.pdf,reports,4.49
Final-Web-Version-Report-CFT10.pdf,reports,18.01
Telco-Research_FINAL.pdf,reports,8.63
Capgemini-Environment-Report-19-20.pdf,reports,2.21
Architects_of_Positive_Futures-CRSAnnualReport2019-20FINAL.pdf,reports,5.96
CBP-8730.pdf?utm,reports,0.41
CRI-research-brief-Tariff_Updated.pdf,reports,21.23
European-research-consortium-client-story-case-study.pdf,reports,5.54
Final-Web-Version-Report-Sustainability-Trends-2025.pdf,reports,9.11
CRI-research-brief_gender-and-leadership.pdf,reports,8.93
CRI_Physical-AI-Report-Final-web-version-2.pdf,reports,9.63
Annual-Report-2021-22.pdf,reports,3.22
WCIB_2026-Infographic_Final-1.pdf,reports,2.22
CRI_Semiconductors_Final_WEB_updated.pdf,reports,4.44
CDP_Capgemini_report_July_13_From_Stroll_to_Sprint_-_A_race_against_time_for_corporate_decarbonization.pdf?1689231333,reports,1.31
